bbg_name,isin,ric_attempt,resolution_method
ACWI US,US4642882579,ACWI.P@RIC,rule
ARKG US,US00214Q3020,ARKG.P@RIC,rule
ARKK US,US00214Q1040,ARKK.P@RIC,rule
COPX US,US37954Y8306,COPX.P@RIC,rule
DAXEX GR,DE0005933931,DAXEX.DE@RIC,rule
DBA US,US46140H1068,DBA.P@RIC,rule
DIA US,US78467X1090,DIA.P@RIC,rule
EEM US,US4642872349,EEM.P@RIC,rule
EFA US,US4642874659,EFA.P@RIC,rule
EWG US,US4642868065,EWG.P@RIC,rule
EWJ US,US46434G8226,EWJ.P@RIC,rule
EWP US,US4642867646,EWP.P@RIC,rule
EWQ US,US4642867075,EWQ.P@RIC,rule
EWU US,US46435G3341,EWU.P@RIC,rule
EWW US,US4642868222,EWW.P@RIC,rule
EWZ US,US4642864007,EWZ.P@RIC,rule
FEZ US,US78463X2027,FEZ.P@RIC,rule
FXI US,US4642871846,FXI.P@RIC,rule
GDXJ US,US92189F7915,GDXJ.P@RIC,rule
GDX US,US92189F1066,GDX.P@RIC,rule
GLD US,US78463V1070,GLD.P@RIC,rule
IAK US,US4642887867,IAK.P@RIC,rule
IBIT US,US46438F1012,IBIT.OQ,rule
IGV US,US4642875151,IGV.P@RIC,rule
ILF US,US4642873909,ILF.P@RIC,rule
IWD US,US4642875987,IWD.P@RIC,rule
IWF US,US4642876142,IWF.P@RIC,rule
IWM US,US4642876555,IWM.P@RIC,rule
IWN US,US4642876308,IWN.P@RIC,rule
IYR US,US4642877397,IYR.P@RIC,rule
JETS US,US26922A8421,JETS.P@RIC,rule
KRE US,US78464A6982,KRE.P@RIC,rule
KWEB US,US5007673065,KWEB.P@RIC,rule
MDY US,US78467Y1073,MDY.P@RIC,rule
QQQ US,US46090E1038,QQQ.P@RIC,rule
RSP US,US46137V3574,RSP.P@RIC,rule
SLV US,US46428Q1094,SLV.P@RIC,rule
SMH US,US92189F6768,SMH.P@RIC,rule
SOXX US,US4642875235,SOXX.P@RIC,rule
SPY US,US78462F1030,SPY.P@RIC,rule
TLT US,US4642874329,TLT.P@RIC,rule
TUR US,US4642867158,TUR.P@RIC,rule
UNG US,US9123184098,UNG.P@RIC,rule
USO US,US91232N2071,USO.P@RIC,rule
XBI US,US78464A8707,XBI.P@RIC,rule
XHB US,US78464A8889,XHB.P@RIC,rule
XLB US,US81369Y1001,XLB.P@RIC,rule
XLC US,US81369Y8527,XLC.P@RIC,rule
XLE US,US81369Y5069,XLE.P@RIC,rule
XLF US,US81369Y6059,XLF.P@RIC,rule
XLI US,US81369Y7040,XLI.P@RIC,rule
XLK US,US81369Y8030,XLK.P@RIC,rule
XLP US,US81369Y3080,XLP.P@RIC,rule
XLRE US,US81369Y8600,XLRE.P@RIC,rule
XLU US,US81369Y8865,XLU.P@RIC,rule
XLV US,US81369Y2090,XLV.P@RIC,rule
XLY US,US81369Y4070,XLY.P@RIC,rule
XOP US,US78468R5569,XOP.P@RIC,rule
AS51 AU,AU000000XJO6,.AXJO@RIC,rule
AAPL US,US0378331005,AAPL.OQ,rule
ABBV US,US00287Y1091,ABBV.OQ,rule
ABNB US,US0090661010,ABNB.OQ,rule
ACN US,IE00B4BNMY34,ACN.O@RIC,rule
ADBE US,US00724F1012,ADBE.OQ,rule
ADP US,US0530151036,ADP.OQ,rule
AMD US,US0079031078,AMD.OQ,rule
ADI US,US0326541051,ADI.OQ,rule
ADS.DE DE,DE000A1EWWW0,ADSGn.DE,rule
AEP US,US0255371017,AEP.OQ,rule
AIG US,US0268747849,AIG.O@RIC,rule
ALL US,US0200021014,ALL.O@RIC,rule
ALV.DE DE,DE0008404005,ALV.DE@RIC,rule
AMGN US,US0311621009,AMGN.OQ,rule
AMT US,US03027X1000,AMT.O@RIC,rule
AMZN US,US0231351067,AMZN.OQ,rule
ANTM US,US0367521038,ELV.N,rule
ASML NA,NL0010273215,ASML.AS@RIC,rule
ATVI US,US00507V1098,ATVI.OQ^J23,rule
AVGO US,US11135F1012,AVGO.OQ,rule
AXP US,US0258161092,AXP.O@RIC,rule
BA US,US0970231058,BA.O@RIC,rule
BABA US,US01609W1027,BABA.N,rule
BAC US,US0605051046,BAC.O@RIC,rule
BAX US,US0718131099,BAX.O@RIC,rule
BBVA SM,ES0113211835,BBVA.MC@RIC,rule
BHP AU,AU000000BHP4,BHP.AX@RIC,rule
BIIB US,US09062X1037,BIIB.OQ,rule
BK US,US0640581007,BK.O@RIC,rule
BKNG US,US09857L1089,BKNG.OQ,rule
BLK US,US09247X1019,BLK.O@RIC,rule
BMY US,US1101221083,BMY.O@RIC,rule
BND US,US9219378356,BND.P@RIC,rule
BRBY LN,GB0006043172,BRBY.L@RIC,rule
BRK/B US,US0846701086,BRKb.N,rule
C US,US1729674242,C.O@RIC,rule
CAT US,US1491231015,CAT.O@RIC,rule
CB US,US1713401024,CB.O@RIC,rule
CHTR US,US16119P1084,CHTR.OQ,rule
CL US,US1941621039,CL.O@RIC,rule
CME US,US12572Q1058,CME.OQ,rule
COIN US,US19260Q1076,COIN.OQ,rule
COP US,US20825C1045,COP.O@RIC,rule
COST US,US22160K1051,COST.OQ,rule
CRM US,US79466L3024,CRM.O@RIC,rule
CSCO US,US17275R1023,CSCO.OQ,rule
CSX US,US1264081035,CSX.OQ,rule
CVS US,US1266501006,CVS.O@RIC,rule
CVX US,US1667641005,CVX.O@RIC,rule
DIDI US,US2538681030,DIDI.PK,rule
DIS US,US2546871060,DIS.O@RIC,rule
DISH US,US25470M1099,DISH.O@RIC,rule
DOW US,US2605661048,DOW.O@RIC,rule
EA US,US2855121099,EA.OQ,rule
EBAY US,US2786421030,EBAY.OQ,rule
ENB CN,CA29250N1054,ENB.TO,rule
EOFEQNR NO,NO0010096985,EQNR.OL,rule
EQUITY US,US29476L1070,EQUITY.O@RIC,rule
ESGIE US,US46436N1097,ESGE.OQ,rule
ESGU US,US46434V6603,ESGU.P@RIC,rule
ESGZ US,US46436N6397,EFIV.K,rule
EWT US,US4642877721,EWT.P@RIC,rule
EWY US,US4642868260,EWY.P@RIC,rule
FARA US,US9281004067,FARA.P@RIC,rule
FDX US,US31428X1063,FDX.O@RIC,rule
FIS US,US31620M1062,FIS.O@RIC,rule
FISV US,US3377381088,FI.N,rule
FIVE US,US33813Q1094,FIVE.OQ,rule
FLTR US,US4642875126,FLTR.K,rule
FM US,US01300H1059,FM.O@RIC,rule
FRAZ US,US47011Q4453,FRAZ.PK,rule
FSLR US,US3364331070,FSLR.OQ,rule
FTV US,US34959J1088,FTV.O@RIC,rule
GD US,US3695501086,GD.O@RIC,rule
GFF US,US3989051094,GFF.O@RIC,rule
GGAL US,US4016301098,GGAL.OQ,rule
GIB US,US46433Z2993,GIB.P@RIC,rule
GILD US,US3755581036,GILD.OQ,rule
GME US,US36467W1099,GME.O@RIC,rule
GMAB US,US37248Q1067,GMAB.OQ,rule
GOOG US,US02079K3059,GOOG.OQ,rule
GS US,US38141G1040,GS.O@RIC,rule
HAL US,US4062161017,HAL.O@RIC,rule
HDB US,US40415F1049,HDB.O@RIC,rule
HD US,US4370761029,HD.O@RIC,rule
HES US,US42809H1077,HES.OQ,rule
HIG US,US4165151048,HIG.O@RIC,rule
HMC US,JP3854600008,HMC.O@RIC,rule
HON US,US4385161066,HON.OQ,rule
HPQ US,US40434L1052,HPQ.O@RIC,rule
HSBC GB,GB0005405286,HSBA.L@RIC,rule
HUM US,US4448591028,HUM.O@RIC,rule
HXL US,US4270961033,HXL.O@RIC,rule
IBM US,US4592001014,IBM.O@RIC,rule
ICE US,US45866F1049,ICE.O@RIC,rule
ILMN US,US4523271090,ILMN.OQ,rule
INDA US,US4642872349,INDA.P@RIC,rule
INTC US,US4581401001,INTC.OQ,rule
INTU US,US4612021034,INTU.OQ,rule
ISRG US,US46120E6023,ISRG.OQ,rule
ITUB US,US4655061025,ITUB.N,rule
IVV US,US4642872000,IVV.P@RIC,rule
JPM US,US46625H1005,JPM.O@RIC,rule
JNJ US,US4781601046,JNJ.O@RIC,rule
JSW PL,PLJSW0000011,JSW.WA,rule
K DP,US4878361082,K.N^L25,rule
KHC US,US5007541064,KHC.OQ,rule
KO US,US1912161007,KO.O@RIC,rule
LFC CN,CNE1000002Z8,LFC.N,rule
LMT US,US5398301094,LMT.O@RIC,rule
LOW US,US5486611073,LOW.O@RIC,rule
LRCX US,US50520R1014,LRCX.OQ,rule
LULU US,US5500211090,LULU.OQ,rule
MCD US,US5801351017,MCD.O@RIC,rule
MELI US,US58733R1023,MELI.OQ,rule
META US,US30303M1027,META.OQ,rule
MGM US,US5529531015,MGM.O@RIC,rule
MMM US,US88579Y1010,MMM.O@RIC,rule
MO US,US02209S1033,MO.O@RIC,rule
MU US,US5951121038,MU.OQ,rule
NFLX US,US64110L1061,NFLX.P@RIC,rule
NKE US,US6541061031,NKE.O@RIC,rule
NOK US,US6549022040,NOK.O@RIC,rule
NVDA US,US67066G1040,NVDA.OQ,rule
NSRGY US,CH0038863350,NSRGY.PK,rule
NTES US,US64110W1027,NTES.OQ,rule
NXPI US,US62914V1061,NXPI.OQ,rule
NYY US,US6494451036,NYY.O@RIC,rule
OXY US,US6745991058,OXY.O@RIC,rule
PFE US,US7170811035,PFE.O@RIC,rule
PG US,US7427181091,PG.O@RIC,rule
PM US,US7181721090,PM.O@RIC,rule
PYPL US,US70450Y1038,PYPL.OQ,rule
QCOM US,US7475251036,QCOM.OQ,rule
REX US,US76146X1046,REX.A,rule
RIO AU,AU000000RIO1,RIO.AX@RIC,rule
SBUX US,US8552441094,SBUX.OQ,rule
SGEN US,US8120051080,SGEN.O@RIC,rule
SHEL LN,GB00BP6MXD84,SHEL.L,rule
SHOP CA,CA82509L1076,SHOP.TO,rule
SLB US,US8068571082,SLB.O@RIC,rule
SNA US,US8330341012,SNA.O@RIC,rule
SNOW US,US8334451098,SNOW.OQ,rule
SNY US,FR0000120578,SNY.OQ,rule
SO US,US8425871071,SO.O@RIC,rule
SPG US,US8288061091,SPG.O@RIC,rule
SQ US,US0937121064,SQ.OQ,rule
STLA IM,NL00150001Q9,STLAM.MI@RIC,rule
SU CA,CA8672241079,SU.TO,rule
T US,US00206R1023,T.O@RIC,rule
TD CA,CA8911605093,TD.TO,rule
TGT US,US87612E1064,TGT.O@RIC,rule
TM US,JP3633400001,TM.O@RIC,rule
TRV US,US89417E1091,TRV.O@RIC,rule
TSLA US,US88160R1014,TSLA.OQ,rule
TWTR US,US90184L1026,TWTR.O@RIC,rule
TXN US,US8825081040,TXN.OQ,rule
UNH US,US91324P1021,UNH.O@RIC,rule
V US,US92826C8394,V.O@RIC,rule
VDE US,US9219395064,VDE.P@RIC,rule
VHT US,US92204A7020,VHT.P@RIC,rule
VNQ US,US9229085538,VNQ.P@RIC,rule
VOO US,US9229083632,VOO.P@RIC,rule
VWO US,US9219438584,VWO.P@RIC,rule
VXX US,US4642882341,VXX.O@RIC,rule
WBA US,US9314271084,WBA.OQ,rule
WFC US,US9497461015,WFC.O@RIC,rule
WMT US,US9311421039,WMT.OQ,rule
CAC FR,FR0003500008,.FCHI@RIC,rule
CCMP US,US6311011026,.IXIC,rule
DAX DE,DE0008469008,.GDAXI@RIC,rule
DJI US,US2605661048,.DJI,rule
EUNL NL,IE00B4L5Y983,EUNL.DE,rule
ES52 US,US46434V7509,.SPX,rule
ESX5 FE,EU0009658145,.STOXX50E@RIC,rule
EUROSTOXX FN,EU0009658145,.STOXX50E@RIC,rule
EU50 US,EU0009658145,.STOXX50E,rule
EUX.PA FR,FR0009690721,EUX.PA@RIC,rule
FTMIB IM,IT0003465736,.FTMIB@RIC,rule
HSI HK,HK0000004322,.HSI@RIC,rule
IBEX ES,ES0148396007,.IBEX@RIC,rule
JKSE ID,ID1000113400,.JKSE,rule
KOSPI KR,KR7005930003,.KS11,rule
N225 JP,JP9010C00002,.N225@RIC,rule
NSEI IN,INE009A01021,.NSEI@RIC,rule
OMX SE,SE0000337842,.OMXS30@RIC,rule
SPX US,US78378X1072,.SPX@RIC,rule
SSEC CN,CNE000000PX1,.SSEC,rule
STOXX50E EU,EU0009658145,.STOXX50E@RIC,rule
UKX GB,GB0001383545,.FTSE@RIC,rule
ASMI NL,NL0010273215,ASMI.AS@RIC,rule
ADYEN NA,NL0012969182,ADYEN.AS@RIC,rule
ADS GR,DE000A1EWWW0,ADSGn.DE@RIC,rule
AI FP,FR0000120073,AIRP.PA,rule
AIR FP,NL0000235190,AIR.PA@RIC,rule
ALV GR,DE0008404005,ALVG.DE@RIC,rule
BAS GR,DE000BASF111,BASFn.DE@RIC,rule
BAYN GR,DE000BAY0017,BAYGn.DE@RIC,rule
BMW GR,DE0005190003,BMWG.DE@RIC,rule
BN FP,FR0000120644,DANO.PA,rule
BNP FP,FR0000131104,BNPP.PA,rule
CS FP,FR0000120628,AXAF.PA,rule
DB1 GR,DE0005810055,DB1Gn.DE@RIC,rule
DG FP,FR0000125486,VIE.PA,rule
DHL GR,DE0005552004,DHLn.DE,rule
DSY FP,FR0014003TT8,DAST.PA,rule
DTE GR,DE0005557508,DTEGn.DE@RIC,rule
EL FP,FR0000121667,ESLX.PA,rule
ENEL IM,IT0003128367,ENEI.MI,rule
ENI IM,IT0003132476,ENI.MI@RIC,rule
ENGI FP,FR0010208488,ENGIE.PA,rule
IBE SM,ES0144580Y14,IBE.MC@RIC,rule
IFX GR,DE0006231004,IFXGn.DE@RIC,rule
INGA NA,NL0011821202,INGA.AS@RIC,rule
ISP IM,IT0000072618,ISP.MI@RIC,rule
ITX SM,ES0148396007,ITX.MC@RIC,rule
KER FP,FR0000121485,PRTP.PA,rule
MBG GR,DE0007100000,MBGn.DE@RIC,rule
MC FP,FR0000121014,LVMH.PA@RIC,rule
MUV2 GR,DE0008430026,MUVGn.DE@RIC,rule
NESTE FH,FI0009013296,NESTE.HE@RIC,rule
NDA FH,FI4000297767,NDAFI.HE@RIC,rule
OR FP,FR0000120321,OREP.PA,rule
PRX NA,NL0013654783,PRX.AS@RIC,rule
RACE IM,NL0011585146,RACE.MI@RIC,rule
RI FP,FR0000120693,PERP.PA,rule
SAF FP,FR0000073272,SAF.PA@RIC,rule
SAN FP,FR0000120578,SASY.PA,rule
SAN SM,ES0113900J37,SAN.MC@RIC,rule
SAP GR,DE0007164600,SAPG.DE@RIC,rule
SIE GR,DE0007236101,SIEGn.DE@RIC,rule
STLAM IM,NL00150001Q9,STLAM.MI@RIC,rule
SU FP,FR0000121972,SCHN.PA,rule
TTE FP,FR0000120271,TTEF.PA@RIC,rule
UCG IM,IT0005239360,CRDI.MI,rule
VOW3 GR,DE0007664039,VOWG_p.DE@RIC,rule
AAL LN,GB00B1XZS820,AAL.L@RIC,rule
AZN LN,GB0009895292,AZN.L@RIC,rule
BA LN,GB0002634946,BAES.L,rule
BARC LN,GB0031348658,BARC.L@RIC,rule
BATS LN,GB0002875804,BATS.L@RIC,rule
BHP LN,GB00BMXES671,BHPB.L,rule
BP LN,GB0007980591,BP.L@RIC,rule
DGE LN,GB0002374006,DGE.L@RIC,rule
EXPN LN,GB00B19NLV48,EXPN.L@RIC,rule
GLEN LN,JE00B4T3BW64,GLEN.L@RIC,rule
GSK LN,GB00BN7SWP63,GSK.L@RIC,rule
HSBA LN,GB0005405286,HSBA.L@RIC,rule
IAG LN,ES0177542018,ICAG.L,rule
IMB LN,GB0004544929,IMB.L@RIC,rule
LGEN LN,GB0005603997,LGEN.L@RIC,rule
LLOY LN,GB0008706128,LLOY.L@RIC,rule
LSEG LN,GB00B0SWJX34,LSEG.L@RIC,rule
NG LN,GB00BDR05C01,NG.L@RIC,rule
NWG LN,GB00BM8PJY71,NWG.L@RIC,rule
PRU LN,GB0007099541,PRU.L@RIC,rule
RIO LN,GB0007188757,RIO.L@RIC,rule
RKT LN,GB00B24CGK77,RKT.L@RIC,rule
RR LN,GB00B63H8491,RR.L,rule
SHEL LN,GB00BP6MXD84,SHEL.L,rule
SSE LN,GB0007908733,SSE.L@RIC,rule
STAN LN,GB0004082847,STAN.L@RIC,rule
TSCO LN,GB0008847096,TSCO.L@RIC,rule
ULVR LN,GB00B10RZP78,ULVR.L@RIC,rule
VOD LN,GB00BH4HKS39,VOD.L@RIC,rule
7203 JP,JP3633400001,7203.T@RIC,rule
6758 JP,JP3435000009,6758.T@RIC,rule
9984 JP,JP3436100006,9984.T@RIC,rule
8306 JP,JP3902900004,8306.T@RIC,rule
6861 JP,JP3236200006,6861.T@RIC,rule
7974 JP,JP3756600007,7974.T@RIC,rule
4063 JP,JP3371200001,4063.T@RIC,rule
6098 JP,JP3970300004,6098.T@RIC,rule
8035 JP,JP3571400005,8035.T@RIC,rule
8316 JP,JP3890350006,8316.T@RIC,rule
4502 JP,JP3463000004,4502.T@RIC,rule
7267 JP,JP3854600008,7267.T@RIC,rule
8411 JP,JP3885780001,8411.T@RIC,rule
6594 JP,JP3734800000,6594.T@RIC,rule
6981 JP,JP3914400001,6981.T@RIC,rule
9432 JP,JP3735400008,9432.T@RIC,rule
9433 JP,JP3496400007,9433.T@RIC,rule
9434 JP,JP3436100006,9434.T@RIC,rule
8001 JP,JP3143600009,8001.T@RIC,rule
8058 JP,JP3898400001,8058.T@RIC,rule
8002 JP,JP3877600001,8002.T@RIC,rule
8031 JP,JP3893600001,8031.T@RIC,rule
8053 JP,JP3404600003,8053.T@RIC,rule
0700 HK,KYG875721634,0700.HK@RIC,rule
0939 HK,CNE1000002H1,0939.HK@RIC,rule
9988 HK,KYG017191142,9988.HK@RIC,rule
1398 HK,CNE1000003G1,1398.HK@RIC,rule
0941 HK,HK0941009539,0941.HK@RIC,rule
3690 HK,KYG596691041,3690.HK@RIC,rule
2318 HK,CNE1000003X6,2318.HK@RIC,rule
0388 HK,HK0388045442,0388.HK@RIC,rule
0005 HK,GB0005405286,0005.HK@RIC,rule
1810 HK,KYG9830T1067,1810.HK@RIC,rule
9618 HK,KYG8208B1014,9618.HK@RIC,rule
2628 HK,CNE1000002L3,2628.HK@RIC,rule
0883 HK,HK0883013259,0883.HK@RIC,rule
0857 HK,CNE1000003W8,0857.HK@RIC,rule
0386 HK,CNE1000002Q2,0386.HK@RIC,rule
0011 HK,HK0011000095,0011.HK^A26,rule
0001 HK,KYG217651051,0001.HK@RIC,rule
1299 HK,HK0000069689,1299.HK@RIC,rule
0002 HK,HK0002007356,0002.HK@RIC,rule
1113 HK,KYG2177B1014,1113.HK@RIC,rule
0016 HK,HK0016000132,0016.HK@RIC,rule
0027 HK,HK0027032686,0027.HK@RIC,rule
0066 HK,HK0066009694,0066.HK@RIC,rule
0688 HK,HK0688002218,0688.HK@RIC,rule
CBA AU,AU000000CBA7,CBA.AX@RIC,rule
CSL AU,AU000000CSL8,CSL.AX@RIC,rule
WES AU,AU000000WES1,WES.AX@RIC,rule
NAB AU,AU000000NAB4,NAB.AX@RIC,rule
ANZ AU,AU0000242039,ANZ.AX@RIC,rule
WBC AU,AU000000WBC1,WBC.AX@RIC,rule
MQG AU,AU000000MQG1,MQG.AX@RIC,rule
WOW AU,AU000000WOW2,WOW.AX@RIC,rule
TLS AU,AU0000030678,TLS.AX@RIC,rule
TCL AU,AU000000TCL6,TCL.AX@RIC,rule
GMG AU,AU000000GMG2,GMG.AX@RIC,rule
WDS AU,AU0000224040,WDS.AX,rule
STO AU,AU000000STO6,STO.AX@RIC,rule
FMG AU,AU000000FMG4,FMG.AX@RIC,rule
SUN AU,AU000000SUN6,SUN.AX@RIC,rule
QBE AU,AU000000QBE9,QBE.AX@RIC,rule
RMD AU,US7611521078,RMD.AX,rule
JHX AU,IE00BD1NQM38,JHX.AX@RIC,rule
AMC AU,JE00BJ1F3079,AMC.AX@RIC,rule
COL AU,AU0000030678,COL.AX,rule
IAG AU,AU000000IAG3,IAG.AX@RIC,rule
SHL AU,AU000000SHL7,SHL.AX@RIC,rule
CPU AU,AU000000CPU5,CPU.AX@RIC,rule
