date,maturityCode,maturityDate,cofDiv100pct,cofDivMarket
2024-04-02,3M,2024-07-02,0.01642,0.00374
2024-04-02,6M,2024-10-02,0.01034,0.0036
2024-04-02,1Y,2025-04-02,0.00802,0.00303
2024-04-02,2Y,2026-04-02,0.00794,0.00314
2024-04-03,3M,2024-07-03,0.01564,0.00297
2024-04-03,6M,2024-10-03,0.00985,0.00316
2024-04-03,1Y,2025-04-03,0.00777,0.00272
2024-04-03,2Y,2026-04-03,0.00774,0.00295
2024-04-04,3M,2024-07-04,0.01572,0.00299
2024-04-04,6M,2024-10-04,0.00998,0.0032
2024-04-04,1Y,2025-04-04,0.00805,0.00295
2024-04-04,2Y,2026-04-04,0.0078,0.00299
2024-04-05,3M,2024-07-05,0.01581,0.00292
2024-04-05,6M,2024-10-05,0.01015,0.00329
2024-04-05,1Y,2025-04-05,0.00813,0.00294
2024-04-05,2Y,2026-04-05,0.00784,0.00298
2024-04-08,3M,2024-07-08,0.01546,0.00291
2024-04-08,6M,2024-10-08,0.00993,0.00325
2024-04-08,1Y,2025-04-08,0.00812,0.003
2024-04-08,2Y,2026-04-08,0.00784,0.00302
2024-04-09,3M,2024-07-09,0.01565,0.00292
2024-04-09,6M,2024-10-09,0.01,0.00322
2024-04-09,1Y,2025-04-09,0.00824,0.00303
2024-04-09,2Y,2026-04-09,0.00809,0.00317
2024-04-10,3M,2024-07-10,0.01553,0.00279
2024-04-10,6M,2024-10-10,0.00994,0.00321
2024-04-10,1Y,2025-04-10,0.00854,0.00327
2024-04-10,2Y,2026-04-10,0.00812,0.0032
2024-04-11,3M,2024-07-11,0.01578,0.00294
2024-04-11,6M,2024-10-11,0.01001,0.00315
2024-04-11,1Y,2025-04-11,0.00853,0.00316
2024-04-11,2Y,2026-04-11,0.00814,0.00315
2024-04-12,3M,2024-07-12,0.01557,0.0026
2024-04-12,6M,2024-10-12,0.0099,0.00285
2024-04-12,1Y,2025-04-12,0.00849,0.00325
2024-04-12,2Y,2026-04-12,0.0081,0.00322
2024-04-15,3M,2024-07-15,0.01539,0.00242
2024-04-15,6M,2024-10-15,0.00973,0.00279
2024-04-15,1Y,2025-04-15,0.00849,0.00303
2024-04-15,2Y,2026-04-15,0.00819,0.00317
2024-04-16,3M,2024-07-16,0.0151,0.00218
2024-04-16,6M,2024-10-16,0.00968,0.00278
2024-04-16,1Y,2025-04-16,0.00852,0.00295
2024-04-16,2Y,2026-04-16,0.00812,0.00305
2024-04-17,3M,2024-07-17,0.01505,0.0022
2024-04-17,6M,2024-10-17,0.00978,0.00297
2024-04-17,1Y,2025-04-17,0.00839,0.00279
2024-04-17,2Y,2026-04-17,0.00807,0.00299
2024-04-18,3M,2024-07-18,0.015,0.00226
2024-04-18,6M,2024-10-18,0.00958,0.00272
2024-04-18,1Y,2025-04-18,0.00833,0.00261
2024-04-18,2Y,2026-04-18,0.00794,0.00273
2024-04-19,3M,2024-07-19,0.01492,0.00215
2024-04-19,6M,2024-10-19,0.00956,0.00263
2024-04-19,1Y,2025-04-19,0.00824,0.00256
2024-04-19,2Y,2026-04-19,0.00786,0.0027
2024-04-22,3M,2024-07-22,0.01441,0.00275
2024-04-22,6M,2024-10-22,0.00939,0.003
2024-04-22,1Y,2025-04-22,0.0081,0.00271
2024-04-22,2Y,2026-04-22,0.00785,0.00281
2024-04-23,3M,2024-07-23,0.01365,0.00275
2024-04-23,6M,2024-10-23,0.00869,0.00264
2024-04-23,1Y,2025-04-23,0.00813,0.00293
2024-04-23,2Y,2026-04-23,0.00791,0.00295
2024-04-24,3M,2024-07-24,0.01332,0.00276
2024-04-24,6M,2024-10-24,0.00895,0.00305
2024-04-24,1Y,2025-04-24,0.00802,0.00283
2024-04-24,2Y,2026-04-24,0.00779,0.00286
2024-04-25,3M,2024-07-25,0.01367,0.00283
2024-04-25,6M,2024-10-25,0.00903,0.00293
2024-04-25,1Y,2025-04-25,0.00805,0.00273
2024-04-25,2Y,2026-04-25,0.00787,0.00287
2024-04-26,3M,2024-07-26,0.01189,0.00277
2024-04-26,6M,2024-10-26,0.00782,0.00256
2024-04-26,1Y,2025-04-26,0.0075,0.00263
2024-04-26,2Y,2026-04-26,0.00756,0.00283
2024-04-29,3M,2024-07-29,0.01185,0.00286
2024-04-29,6M,2024-10-29,0.0079,0.00272
2024-04-29,1Y,2025-04-29,0.00783,0.00295
2024-04-29,2Y,2026-04-29,0.00767,0.00287
2024-04-30,3M,2024-07-30,0.01104,0.0026
2024-04-30,6M,2024-10-30,0.0078,0.00284
2024-04-30,1Y,2025-04-30,0.00769,0.00285
2024-04-30,2Y,2026-04-30,0.00764,0.00287
2024-05-02,3M,2024-08-02,0.01086,0.00257
2024-05-02,6M,2024-11-02,0.00806,0.00299
2024-05-02,1Y,2025-05-02,0.00788,0.00297
2024-05-02,2Y,2026-05-02,0.00763,0.00281
2024-05-03,3M,2024-08-03,0.01052,0.00258
2024-05-03,6M,2024-11-03,0.0079,0.003
2024-05-03,1Y,2025-05-03,0.00777,0.00298
2024-05-03,2Y,2026-05-03,0.00752,0.00281
2024-05-06,3M,2024-08-06,0.01004,0.00272
2024-05-06,6M,2024-11-06,0.00767,0.00303
2024-05-06,1Y,2025-05-06,0.0078,0.00315
2024-05-06,2Y,2026-05-06,0.00754,0.00289
2024-05-07,3M,2024-08-07,0.00998,0.00274
2024-05-07,6M,2024-11-07,0.00771,0.00305
2024-05-07,1Y,2025-05-07,0.00766,0.00302
2024-05-07,2Y,2026-05-07,0.0076,0.00296
2024-05-08,3M,2024-08-08,0.00987,0.00278
2024-05-08,6M,2024-11-08,0.00774,0.00306
2024-05-08,1Y,2025-05-08,0.00789,0.00319
2024-05-08,2Y,2026-05-08,0.00774,0.0031
2024-05-09,3M,2024-08-09,0.00791,0.00277
2024-05-09,6M,2024-11-09,0.00678,0.00306
2024-05-09,1Y,2025-05-09,0.00762,0.0034
2024-05-09,2Y,2026-05-09,0.00765,0.00325
2024-05-10,3M,2024-08-10,0.00838,0.0033
2024-05-10,6M,2024-11-10,0.00744,0.00374
2024-05-10,1Y,2025-05-10,0.00765,0.00342
2024-05-10,2Y,2026-05-10,0.00772,0.00333
2024-05-13,3M,2024-08-13,0.00781,0.00338
2024-05-13,6M,2024-11-13,0.00737,0.00396
2024-05-13,1Y,2025-05-13,0.00741,0.00332
2024-05-13,2Y,2026-05-13,0.0076,0.00328
2024-05-14,3M,2024-08-14,0.00775,0.0033
2024-05-14,6M,2024-11-14,0.00737,0.00391
2024-05-14,1Y,2025-05-14,0.00739,0.00327
2024-05-14,2Y,2026-05-14,0.00758,0.00322
2024-05-15,3M,2024-08-15,0.00754,0.00336
2024-05-15,6M,2024-11-15,0.00752,0.00412
2024-05-15,1Y,2025-05-15,0.00757,0.00342
2024-05-15,2Y,2026-05-15,0.00774,0.00338
2024-05-16,3M,2024-08-16,0.00699,0.00347
2024-05-16,6M,2024-11-16,0.0072,0.00414
2024-05-16,1Y,2025-05-16,0.00748,0.00346
2024-05-16,2Y,2026-05-16,0.00764,0.00334
2024-05-17,3M,2024-08-17,0.00718,0.00366
2024-05-17,6M,2024-11-17,0.00708,0.00399
2024-05-17,1Y,2025-05-17,0.00768,0.00362
2024-05-17,2Y,2026-05-17,0.00751,0.0032
2024-05-20,3M,2024-08-20,0.00647,0.00367
2024-05-20,6M,2024-11-20,0.00677,0.00406
2024-05-20,1Y,2025-05-20,0.00758,0.00366
2024-05-20,2Y,2026-05-20,0.00746,0.00321
2024-05-21,3M,2024-08-21,0.00533,0.00329
2024-05-21,6M,2024-11-21,0.00623,0.00386
2024-05-21,1Y,2025-05-21,0.00743,0.00365
2024-05-21,2Y,2026-05-21,0.00751,0.00329
2024-05-22,3M,2024-08-22,0.00536,0.00333
2024-05-22,6M,2024-11-22,0.00624,0.00385
2024-05-22,1Y,2025-05-22,0.00756,0.00367
2024-05-22,2Y,2026-05-22,0.00757,0.00332
2024-05-23,3M,2024-08-23,0.00609,0.00398
2024-05-23,6M,2024-11-23,0.00642,0.00398
2024-05-23,1Y,2025-05-23,0.00765,0.00371
2024-05-23,2Y,2026-05-23,0.00765,0.00337
2024-05-24,3M,2024-08-24,0.00662,0.00452
2024-05-24,6M,2024-11-24,0.0065,0.00405
2024-05-24,1Y,2025-05-24,0.0079,0.0039
2024-05-24,2Y,2026-05-24,0.00777,0.00347
2024-05-27,3M,2024-08-27,0.00666,0.00459
2024-05-27,6M,2024-11-27,0.00647,0.00405
2024-05-27,1Y,2025-05-27,0.00795,0.00394
2024-05-27,2Y,2026-05-27,0.00779,0.00348
2024-05-28,3M,2024-08-28,0.00688,0.00523
2024-05-28,6M,2024-11-28,0.0064,0.00414
2024-05-28,1Y,2025-05-28,0.00833,0.00436
2024-05-28,2Y,2026-05-28,0.00795,0.00363
2024-05-29,3M,2024-08-29,0.00631,0.00466
2024-05-29,6M,2024-11-29,0.00647,0.00418
2024-05-29,1Y,2025-05-29,0.0083,0.0042
2024-05-29,2Y,2026-05-29,0.00778,0.0034
2024-05-30,3M,2024-08-30,0.0059,0.00461
2024-05-30,6M,2024-11-30,0.00629,0.00417
2024-05-30,1Y,2025-05-30,0.00831,0.00426
2024-05-30,2Y,2026-05-30,0.00782,0.00348
2024-05-31,3M,2024-08-31,0.00603,0.00475
2024-05-31,6M,2024-11-30,0.00637,0.00424
2024-05-31,1Y,2025-05-31,0.00848,0.00439
2024-05-31,2Y,2026-05-31,0.00789,0.00355
2024-06-03,3M,2024-09-03,0.00633,0.0051
2024-06-03,6M,2024-12-03,0.00644,0.00432
2024-06-03,1Y,2025-06-03,0.00868,0.00459
2024-06-03,2Y,2026-06-03,0.00795,0.0036
2024-06-04,3M,2024-09-04,0.00637,0.00511
2024-06-04,6M,2024-12-04,0.00642,0.00427
2024-06-04,1Y,2025-06-04,0.00852,0.00435
2024-06-04,2Y,2026-06-04,0.00803,0.00359
2024-06-05,3M,2024-09-05,0.00692,0.00562
2024-06-05,6M,2024-12-05,0.00645,0.00434
2024-06-05,1Y,2025-06-05,0.00872,0.0046
2024-06-05,2Y,2026-06-05,0.00814,0.00378
2024-06-06,3M,2024-09-06,0.00662,0.00529
2024-06-06,6M,2024-12-06,0.0066,0.00445
2024-06-06,1Y,2025-06-06,0.00872,0.00449
2024-06-06,2Y,2026-06-06,0.0083,0.00389
2024-06-07,3M,2024-09-07,0.00671,0.00531
2024-06-07,6M,2024-12-07,0.00677,0.00458
2024-06-07,1Y,2025-06-07,0.00928,0.00496
2024-06-07,2Y,2026-06-07,0.00848,0.00403
2024-06-10,3M,2024-09-10,0.00659,0.00537
2024-06-10,6M,2024-12-10,0.00688,0.00477
2024-06-10,1Y,2025-06-10,0.00931,0.00498
2024-06-10,2Y,2026-06-10,0.00854,0.00407
2024-06-11,3M,2024-09-11,0.00646,0.0052
2024-06-11,6M,2024-12-11,0.00692,0.00477
2024-06-11,1Y,2025-06-11,0.00941,0.00502
2024-06-11,2Y,2026-06-11,0.0087,0.00418
2024-06-12,3M,2024-09-12,0.00644,0.00518
2024-06-12,6M,2024-12-12,0.00708,0.00495
2024-06-12,1Y,2025-06-12,0.0098,0.00537
2024-06-12,2Y,2026-06-12,0.00885,0.00435
2024-06-13,3M,2024-09-13,0.0068,0.00527
2024-06-13,6M,2024-12-13,0.00714,0.00484
2024-06-13,1Y,2025-06-13,0.0099,0.0053
2024-06-13,2Y,2026-06-13,0.00877,0.00419
2024-06-14,3M,2024-09-14,0.0065,0.00493
2024-06-14,6M,2024-12-14,0.00688,0.00454
2024-06-14,1Y,2025-06-14,0.00963,0.00501
2024-06-14,2Y,2026-06-14,0.00848,0.00397
2024-06-17,3M,2024-09-17,0.00665,0.00533
2024-06-17,6M,2024-12-17,0.00671,0.00449
2024-06-17,1Y,2025-06-17,0.00957,0.00492
2024-06-17,2Y,2026-06-17,0.00843,0.00386
2024-06-18,3M,2024-09-18,0.00735,0.00607
2024-06-18,6M,2024-12-18,0.00693,0.00471
2024-06-18,1Y,2025-06-18,0.00983,0.00516
2024-06-18,2Y,2026-06-18,0.0086,0.00398
2024-06-19,3M,2024-09-19,0.0065,0.00553
2024-06-19,6M,2024-12-19,0.00673,0.0046
2024-06-19,1Y,2025-06-19,0.01023,0.0055
2024-06-19,2Y,2026-06-19,0.00856,0.00392
2024-06-20,3M,2024-09-20,0.00573,0.00471
2024-06-20,6M,2024-12-20,0.00638,0.00424
2024-06-20,1Y,2025-06-20,0.01008,0.00529
2024-06-20,2Y,2026-06-20,0.00835,0.00369
2024-06-21,3M,2024-09-21,0.00613,0.0051
2024-06-21,6M,2024-12-21,0.00653,0.00441
2024-06-21,1Y,2025-06-21,0.01014,0.00533
2024-06-21,2Y,2026-06-21,0.00831,0.00364
2024-06-24,3M,2024-09-24,0.00576,0.00479
2024-06-24,6M,2024-12-24,0.00645,0.00437
2024-06-24,1Y,2025-06-24,0.00993,0.00515
2024-06-24,2Y,2026-06-24,0.00835,0.0037
2024-06-25,3M,2024-09-25,0.00566,0.00481
2024-06-25,6M,2024-12-25,0.00658,0.00468
2024-06-25,1Y,2025-06-25,0.00984,0.00511
2024-06-25,2Y,2026-06-25,0.00829,0.00369
2024-06-26,3M,2024-09-26,0.00527,0.00438
2024-06-26,6M,2024-12-26,0.0066,0.00467
2024-06-26,1Y,2025-06-26,0.00963,0.00489
2024-06-26,2Y,2026-06-26,0.00802,0.00348
2024-06-27,3M,2024-09-27,0.00503,0.00414
2024-06-27,6M,2024-12-27,0.00573,0.00392
2024-06-27,1Y,2025-06-27,0.0084,0.00381
2024-06-27,2Y,2026-06-27,0.00762,0.00317
2024-06-28,3M,2024-09-28,0.00466,0.00368
2024-06-28,6M,2024-12-28,0.00597,0.00393
2024-06-28,1Y,2025-06-28,0.00854,0.00383
2024-06-28,2Y,2026-06-28,0.0076,0.00309
2024-07-01,3M,2024-10-01,0.00465,0.00363
2024-07-01,6M,2025-01-01,0.00611,0.00408
2024-07-01,1Y,2025-07-01,0.00853,0.00377
2024-07-01,2Y,2026-07-01,0.00767,0.0031
2024-07-02,3M,2024-10-02,0.00432,0.0033
2024-07-02,6M,2025-01-02,0.0053,0.00332
2024-07-02,1Y,2025-07-02,0.00834,0.00356
2024-07-02,2Y,2026-07-02,0.00747,0.00288
2024-07-03,3M,2024-10-03,0.00428,0.00329
2024-07-03,6M,2025-01-03,0.00524,0.00328
2024-07-03,1Y,2025-07-03,0.00831,0.00358
2024-07-03,2Y,2026-07-03,0.00744,0.00287
2024-07-04,3M,2024-10-04,0.00423,0.00323
2024-07-04,6M,2025-01-04,0.00527,0.0033
2024-07-04,1Y,2025-07-04,0.00829,0.00357
2024-07-04,2Y,2026-07-04,0.0075,0.00296
2024-07-05,3M,2024-10-05,0.00437,0.00334
2024-07-05,6M,2025-01-05,0.00528,0.00327
2024-07-05,1Y,2025-07-05,0.00849,0.00377
2024-07-05,2Y,2026-07-05,0.00768,0.00311
2024-07-08,3M,2024-10-08,0.00454,0.00349
2024-07-08,6M,2025-01-08,0.00547,0.00351
2024-07-08,1Y,2025-07-08,0.00864,0.00389
2024-07-08,2Y,2026-07-08,0.00772,0.00313
2024-07-09,3M,2024-10-09,0.00432,0.00324
2024-07-09,6M,2025-01-09,0.00571,0.00378
2024-07-09,1Y,2025-07-09,0.00847,0.00368
2024-07-09,2Y,2026-07-09,0.00744,0.00281
2024-07-10,3M,2024-10-10,0.00464,0.00354
2024-07-10,6M,2025-01-10,0.0057,0.00377
2024-07-10,1Y,2025-07-10,0.00854,0.00379
2024-07-10,2Y,2026-07-10,0.00751,0.00291
2024-07-11,3M,2024-10-11,0.00467,0.00353
2024-07-11,6M,2025-01-11,0.00572,0.00374
2024-07-11,1Y,2025-07-11,0.00879,0.00402
2024-07-11,2Y,2026-07-11,0.00809,0.0035
2024-07-12,3M,2024-10-12,0.00468,0.00354
2024-07-12,6M,2025-01-12,0.00572,0.00375
2024-07-12,1Y,2025-07-12,0.00873,0.004
2024-07-12,2Y,2026-07-12,0.00812,0.00357
2024-07-15,3M,2024-10-15,0.00477,0.00356
2024-07-15,6M,2025-01-15,0.00577,0.00375
2024-07-15,1Y,2025-07-15,0.00853,0.00375
2024-07-15,2Y,2026-07-15,0.00812,0.00354
2024-07-16,3M,2024-10-16,0.00476,0.00354
2024-07-16,6M,2025-01-16,0.0058,0.0038
2024-07-16,1Y,2025-07-16,0.0086,0.0038
2024-07-16,2Y,2026-07-16,0.00807,0.00347
2024-07-17,3M,2024-10-17,0.00488,0.00358
2024-07-17,6M,2025-01-17,0.00586,0.00383
2024-07-17,1Y,2025-07-17,0.00847,0.00362
2024-07-17,2Y,2026-07-17,0.008,0.00335
2024-07-18,3M,2024-10-18,0.00512,0.0036
2024-07-18,6M,2025-01-18,0.00588,0.00373
2024-07-18,1Y,2025-07-18,0.00874,0.00379
2024-07-18,2Y,2026-07-18,0.00806,0.00334
2024-07-19,3M,2024-10-19,0.00516,0.00359
2024-07-19,6M,2025-01-19,0.00594,0.00374
2024-07-19,1Y,2025-07-19,0.00903,0.00406
2024-07-19,2Y,2026-07-19,0.00806,0.00332
2024-07-22,3M,2024-10-22,0.00472,0.00353
2024-07-22,6M,2025-01-22,0.00572,0.00374
2024-07-22,1Y,2025-07-22,0.00879,0.00396
2024-07-22,2Y,2026-07-22,0.00802,0.00336
2024-07-23,3M,2024-10-23,0.00462,0.00356
2024-07-23,6M,2025-01-23,0.00567,0.00377
2024-07-23,1Y,2025-07-23,0.00858,0.0038
2024-07-23,2Y,2026-07-23,0.00803,0.00342
2024-07-24,3M,2024-10-24,0.00461,0.0034
2024-07-24,6M,2025-01-24,0.00571,0.00377
2024-07-24,1Y,2025-07-24,0.0086,0.00379
2024-07-24,2Y,2026-07-24,0.00803,0.00338
2024-07-25,3M,2024-10-25,0.00422,0.00293
2024-07-25,6M,2025-01-25,0.00578,0.00375
2024-07-25,1Y,2025-07-25,0.00845,0.00358
2024-07-25,2Y,2026-07-25,0.00793,0.00326
2024-07-26,3M,2024-10-26,0.00429,0.00295
2024-07-26,6M,2025-01-26,0.00583,0.00382
2024-07-26,1Y,2025-07-26,0.00839,0.00358
2024-07-26,2Y,2026-07-26,0.00796,0.00333
2024-07-29,3M,2024-10-29,0.00434,0.00297
2024-07-29,6M,2025-01-29,0.00587,0.00385
2024-07-29,1Y,2025-07-29,0.00835,0.00352
2024-07-29,2Y,2026-07-29,0.0079,0.00325
2024-07-30,3M,2024-10-30,0.00434,0.00299
2024-07-30,6M,2025-01-30,0.00592,0.0039
2024-07-30,1Y,2025-07-30,0.00844,0.00361
2024-07-30,2Y,2026-07-30,0.00795,0.00332
2024-07-31,3M,2024-10-31,0.00447,0.00304
2024-07-31,6M,2025-01-31,0.00594,0.00392
2024-07-31,1Y,2025-07-31,0.00847,0.00367
2024-07-31,2Y,2026-07-31,0.00803,0.00341
2024-08-01,3M,2024-11-01,0.00415,0.00243
2024-08-01,6M,2025-02-01,0.00555,0.00337
2024-08-01,1Y,2025-08-01,0.00806,0.0031
2024-08-01,2Y,2026-08-01,0.0079,0.00319
2024-08-02,3M,2024-11-02,0.00377,0.002
2024-08-02,6M,2025-02-02,0.00544,0.00321
2024-08-02,1Y,2025-08-02,0.00792,0.00288
2024-08-02,2Y,2026-08-02,0.00766,0.00291
2024-08-05,3M,2024-11-05,0.00355,0.00202
2024-08-05,6M,2025-02-05,0.00531,0.0032
2024-08-05,1Y,2025-08-05,0.00756,0.00259
2024-08-05,2Y,2026-08-05,0.00729,0.00258
2024-08-06,3M,2024-11-06,0.00364,0.00212
2024-08-06,6M,2025-02-06,0.00533,0.00322
2024-08-06,1Y,2025-08-06,0.00767,0.00267
2024-08-06,2Y,2026-08-06,0.00736,0.00264
2024-08-07,3M,2024-11-07,0.00378,0.00225
2024-08-07,6M,2025-02-07,0.00539,0.00333
2024-08-07,1Y,2025-08-07,0.00796,0.00303
2024-08-07,2Y,2026-08-07,0.00754,0.00283
2024-08-08,3M,2024-11-08,0.00384,0.00225
2024-08-08,6M,2025-02-08,0.00529,0.00321
2024-08-08,1Y,2025-08-08,0.00773,0.00276
2024-08-08,2Y,2026-08-08,0.00745,0.0027
2024-08-09,3M,2024-11-09,0.00383,0.00231
2024-08-09,6M,2025-02-09,0.00563,0.00358
2024-08-09,1Y,2025-08-09,0.00789,0.00296
2024-08-09,2Y,2026-08-09,0.00754,0.0028
2024-08-12,3M,2024-11-12,0.00345,0.00186
2024-08-12,6M,2025-02-12,0.00564,0.00358
2024-08-12,1Y,2025-08-12,0.00782,0.00288
2024-08-12,2Y,2026-08-12,0.0075,0.00277
2024-08-13,3M,2024-11-13,0.00357,0.00192
2024-08-13,6M,2025-02-13,0.00573,0.00364
2024-08-13,1Y,2025-08-13,0.00815,0.00322
2024-08-13,2Y,2026-08-13,0.00749,0.00276
2024-08-14,3M,2024-11-14,0.00337,0.00161
2024-08-14,6M,2025-02-14,0.00516,0.00333
2024-08-14,1Y,2025-08-14,0.00772,0.00295
2024-08-14,2Y,2026-08-14,0.00749,0.00285
2024-08-15,3M,2024-11-15,0.00359,0.00183
2024-08-15,6M,2025-02-15,0.00514,0.00331
2024-08-15,1Y,2025-08-15,0.00741,0.00271
2024-08-15,2Y,2026-08-15,0.00766,0.00306
2024-08-16,3M,2024-11-16,0.00408,0.00227
2024-08-16,6M,2025-02-16,0.00532,0.00349
2024-08-16,1Y,2025-08-16,0.00769,0.00303
2024-08-16,2Y,2026-08-16,0.00787,0.0033
2024-08-19,3M,2024-11-19,0.00476,0.00293
2024-08-19,6M,2025-02-19,0.00526,0.00341
2024-08-19,1Y,2025-08-19,0.00773,0.00306
2024-08-19,2Y,2026-08-19,0.00788,0.00331
2024-08-20,3M,2024-11-20,0.00512,0.00323
2024-08-20,6M,2025-02-20,0.00574,0.00385
2024-08-20,1Y,2025-08-20,0.008,0.00331
2024-08-20,2Y,2026-08-20,0.00796,0.00339
2024-08-21,3M,2024-11-21,0.0051,0.00321
2024-08-21,6M,2025-02-21,0.00575,0.00386
2024-08-21,1Y,2025-08-21,0.00792,0.00328
2024-08-21,2Y,2026-08-21,0.00794,0.0034
2024-08-22,3M,2024-11-22,0.00519,0.0032
2024-08-22,6M,2025-02-22,0.00597,0.00402
2024-08-22,1Y,2025-08-22,0.00812,0.00344
2024-08-22,2Y,2026-08-22,0.00806,0.00351
2024-08-23,3M,2024-11-23,0.00505,0.00305
2024-08-23,6M,2025-02-23,0.00607,0.00412
2024-08-23,1Y,2025-08-23,0.00809,0.00343
2024-08-23,2Y,2026-08-23,0.00801,0.00347
2024-08-26,3M,2024-11-26,0.00538,0.0034
2024-08-26,6M,2025-02-26,0.00598,0.00404
2024-08-26,1Y,2025-08-26,0.00801,0.00335
2024-08-26,2Y,2026-08-26,0.00801,0.00347
2024-08-27,3M,2024-11-27,0.00538,0.00344
2024-08-27,6M,2025-02-27,0.00613,0.0042
2024-08-27,1Y,2025-08-27,0.00809,0.00344
2024-08-27,2Y,2026-08-27,0.008,0.00348
2024-08-28,3M,2024-11-28,0.00528,0.00333
2024-08-28,6M,2025-02-28,0.00614,0.00421
2024-08-28,1Y,2025-08-28,0.00787,0.00325
2024-08-28,2Y,2026-08-28,0.00802,0.00352
2024-08-29,3M,2024-11-29,0.00539,0.00338
2024-08-29,6M,2025-02-28,0.00606,0.00409
2024-08-29,1Y,2025-08-29,0.00796,0.00333
2024-08-29,2Y,2026-08-29,0.0081,0.00358
2024-08-30,3M,2024-11-30,0.00555,0.00355
2024-08-30,6M,2025-02-28,0.00591,0.00393
2024-08-30,1Y,2025-08-30,0.00805,0.0034
2024-08-30,2Y,2026-08-30,0.00817,0.00364
2024-09-02,3M,2024-12-02,0.00548,0.00349
2024-09-02,6M,2025-03-02,0.00626,0.00429
2024-09-02,1Y,2025-09-02,0.00834,0.00372
2024-09-02,2Y,2026-09-02,0.00831,0.0038
2024-09-03,3M,2024-12-03,0.00557,0.00355
2024-09-03,6M,2025-03-03,0.00638,0.00447
2024-09-03,1Y,2025-09-03,0.00846,0.00393
2024-09-03,2Y,2026-09-03,0.00827,0.00381
2024-09-04,3M,2024-12-04,0.00565,0.00363
2024-09-04,6M,2025-03-04,0.00635,0.0044
2024-09-04,1Y,2025-09-04,0.00833,0.00378
2024-09-04,2Y,2026-09-04,0.00812,0.00362
2024-09-05,3M,2024-12-05,0.006,0.0039
2024-09-05,6M,2025-03-05,0.00637,0.00435
2024-09-05,1Y,2025-09-05,0.00844,0.00383
2024-09-05,2Y,2026-09-05,0.00809,0.00355
2024-09-06,3M,2024-12-06,0.006,0.00382
2024-09-06,6M,2025-03-06,0.00669,0.00437
2024-09-06,1Y,2025-09-06,0.00838,0.00367
2024-09-06,2Y,2026-09-06,0.00807,0.00344
2024-09-09,3M,2024-12-09,0.00573,0.00354
2024-09-09,6M,2025-03-09,0.00655,0.00424
2024-09-09,1Y,2025-09-09,0.00814,0.00346
2024-09-09,2Y,2026-09-09,0.00806,0.00346
2024-09-10,3M,2024-12-10,0.00566,0.00342
2024-09-10,6M,2025-03-10,0.0067,0.00436
2024-09-10,1Y,2025-09-10,0.00824,0.00355
2024-09-10,2Y,2026-09-10,0.00803,0.00345
2024-09-11,3M,2024-12-11,0.00572,0.00345
2024-09-11,6M,2025-03-11,0.00638,0.00402
2024-09-11,1Y,2025-09-11,0.00806,0.00342
2024-09-11,2Y,2026-09-11,0.00793,0.00336
2024-09-12,3M,2024-12-12,0.00558,0.00318
2024-09-12,6M,2025-03-12,0.00627,0.00383
2024-09-12,1Y,2025-09-12,0.00795,0.0033
2024-09-12,2Y,2026-09-12,0.00776,0.00319
2024-09-13,3M,2024-12-13,0.00607,0.00373
2024-09-13,6M,2025-03-13,0.00649,0.00401
2024-09-13,1Y,2025-09-13,0.00813,0.00354
2024-09-13,2Y,2026-09-13,0.00777,0.00326
2024-09-16,3M,2024-12-16,0.00595,0.00359
2024-09-16,6M,2025-03-16,0.00669,0.00421
2024-09-16,1Y,2025-09-16,0.00822,0.00361
2024-09-16,2Y,2026-09-16,0.00774,0.00321
2024-09-17,3M,2024-12-17,0.0053,0.00302
2024-09-17,6M,2025-03-17,0.0062,0.00386
2024-09-17,1Y,2025-09-17,0.00813,0.00359
2024-09-17,2Y,2026-09-17,0.00771,0.00322
2024-09-18,3M,2024-12-18,0.00527,0.00298
2024-09-18,6M,2025-03-18,0.00623,0.00387
2024-09-18,1Y,2025-09-18,0.00799,0.00345
2024-09-18,2Y,2026-09-18,0.00769,0.00318
2024-09-19,3M,2024-12-19,0.00531,0.00323
2024-09-19,6M,2025-03-19,0.00631,0.00401
2024-09-19,1Y,2025-09-19,0.0081,0.00365
2024-09-19,2Y,2026-09-19,0.00771,0.00326
2024-09-20,3M,2024-12-20,0.00527,0.00315
2024-09-20,6M,2025-03-20,0.00604,0.00369
2024-09-20,1Y,2025-09-20,0.00801,0.00354
2024-09-20,2Y,2026-09-20,0.00768,0.00323
2024-09-23,3M,2024-12-23,0.00499,0.00293
2024-09-23,6M,2025-03-23,0.00601,0.00366
2024-09-23,1Y,2025-09-23,0.00781,0.00337
2024-09-23,2Y,2026-09-23,0.0076,0.0032
2024-09-24,3M,2024-12-24,0.00506,0.00305
2024-09-24,6M,2025-03-24,0.00603,0.0037
2024-09-24,1Y,2025-09-24,0.00754,0.00313
2024-09-24,2Y,2026-09-24,0.00743,0.00305
2024-09-25,3M,2024-12-25,0.00495,0.00316
2024-09-25,6M,2025-03-25,0.00598,0.00371
2024-09-25,1Y,2025-09-25,0.00756,0.00318
2024-09-25,2Y,2026-09-25,0.00759,0.00321
2024-09-26,3M,2024-12-26,0.00512,0.00338
2024-09-26,6M,2025-03-26,0.00573,0.00344
2024-09-26,1Y,2025-09-26,0.00787,0.00359
2024-09-26,2Y,2026-09-26,0.00775,0.00345
2024-09-27,3M,2024-12-27,0.0054,0.00379
2024-09-27,6M,2025-03-27,0.00622,0.00384
2024-09-27,1Y,2025-09-27,0.00809,0.00383
2024-09-27,2Y,2026-09-27,0.00794,0.00366
2024-09-30,3M,2024-12-30,0.00596,0.00417
2024-09-30,6M,2025-03-30,0.00648,0.00396
2024-09-30,1Y,2025-09-30,0.00813,0.00387
2024-09-30,2Y,2026-09-30,0.00779,0.00353
2024-10-01,3M,2025-01-01,0.00573,0.00377
2024-10-01,6M,2025-04-01,0.0066,0.00398
2024-10-01,1Y,2025-10-01,0.00819,0.00389
2024-10-01,2Y,2026-10-01,0.00793,0.00365
2024-10-02,3M,2025-01-02,0.0059,0.00387
2024-10-02,6M,2025-04-02,0.00672,0.00404
2024-10-02,1Y,2025-10-02,0.00813,0.00384
2024-10-02,2Y,2026-10-02,0.0079,0.00362
2024-10-03,3M,2025-01-03,0.00613,0.00406
2024-10-03,6M,2025-04-03,0.00692,0.00411
2024-10-03,1Y,2025-10-03,0.00797,0.00363
2024-10-03,2Y,2026-10-03,0.00787,0.00357
2024-10-04,3M,2025-01-04,0.00613,0.00411
2024-10-04,6M,2025-04-04,0.00669,0.00387
2024-10-04,1Y,2025-10-04,0.00798,0.00368
2024-10-04,2Y,2026-10-04,0.00789,0.00361
2024-10-07,3M,2025-01-07,0.00587,0.00375
2024-10-07,6M,2025-04-07,0.00687,0.00395
2024-10-07,1Y,2025-10-07,0.00793,0.00359
2024-10-07,2Y,2026-10-07,0.00794,0.00363
2024-10-08,3M,2025-01-08,0.0059,0.00398
2024-10-08,6M,2025-04-08,0.00674,0.00387
2024-10-08,1Y,2025-10-08,0.00801,0.00372
2024-10-08,2Y,2026-10-08,0.00804,0.00376
2024-10-09,3M,2025-01-09,0.00603,0.00414
2024-10-09,6M,2025-04-09,0.00675,0.00384
2024-10-09,1Y,2025-10-09,0.00811,0.00385
2024-10-09,2Y,2026-10-09,0.00807,0.00379
2024-10-10,3M,2025-01-10,0.00598,0.00408
2024-10-10,6M,2025-04-10,0.00674,0.00368
2024-10-10,1Y,2025-10-10,0.008,0.0037
2024-10-10,2Y,2026-10-10,0.00803,0.00372
2024-10-11,3M,2025-01-11,0.00598,0.00406
2024-10-11,6M,2025-04-11,0.00644,0.0035
2024-10-11,1Y,2025-10-11,0.00754,0.00336
2024-10-11,2Y,2026-10-11,0.00787,0.00362
2024-10-14,3M,2025-01-14,0.00616,0.00417
2024-10-14,6M,2025-04-14,0.00687,0.00371
2024-10-14,1Y,2025-10-14,0.00777,0.00351
2024-10-14,2Y,2026-10-14,0.00797,0.0037
2024-10-15,3M,2025-01-15,0.00645,0.0045
2024-10-15,6M,2025-04-15,0.00687,0.00363
2024-10-15,1Y,2025-10-15,0.00785,0.00355
2024-10-15,2Y,2026-10-15,0.00793,0.00362
2024-10-16,3M,2025-01-16,0.00648,0.00453
2024-10-16,6M,2025-04-16,0.00757,0.00411
2024-10-16,1Y,2025-10-16,0.00775,0.00342
2024-10-16,2Y,2026-10-16,0.00795,0.00361
2024-10-17,3M,2025-01-17,0.00689,0.00485
2024-10-17,6M,2025-04-17,0.00755,0.004
2024-10-17,1Y,2025-10-17,0.00787,0.00352
2024-10-17,2Y,2026-10-17,0.00802,0.00366
2024-10-18,3M,2025-01-18,0.00688,0.00484
2024-10-18,6M,2025-04-18,0.00758,0.00399
2024-10-18,1Y,2025-10-18,0.00801,0.00367
2024-10-18,2Y,2026-10-18,0.00809,0.00374
2024-10-21,3M,2025-01-21,0.00684,0.00454
2024-10-21,6M,2025-04-21,0.00745,0.00444
2024-10-21,1Y,2025-10-21,0.00799,0.00368
2024-10-21,2Y,2026-10-21,0.00808,0.00368
2024-10-22,3M,2025-01-22,0.00683,0.00468
2024-10-22,6M,2025-04-22,0.00745,0.00424
2024-10-22,1Y,2025-10-22,0.00798,0.00349
2024-10-22,2Y,2026-10-22,0.00807,0.00362
2024-10-23,3M,2025-01-23,0.00654,0.00444
2024-10-23,6M,2025-04-23,0.00778,0.00421
2024-10-23,1Y,2025-10-23,0.008,0.00363
2024-10-23,2Y,2026-10-23,0.00803,0.00363
2024-10-24,3M,2025-01-24,0.00654,0.00499
2024-10-24,6M,2025-04-24,0.00789,0.00455
2024-10-24,1Y,2025-10-24,0.00799,0.00353
2024-10-24,2Y,2026-10-24,0.00802,0.00367
2024-10-25,3M,2025-01-25,0.00654,0.00496
2024-10-25,6M,2025-04-25,0.00793,0.00439
2024-10-25,1Y,2025-10-25,0.00798,0.00368
2024-10-25,2Y,2026-10-25,0.00802,0.00385
2024-10-28,3M,2025-01-28,0.00655,0.00498
2024-10-28,6M,2025-04-28,0.00797,0.00445
2024-10-28,1Y,2025-10-28,0.00797,0.00382
2024-10-28,2Y,2026-10-28,0.00802,0.00389
2024-10-29,3M,2025-01-29,0.00655,0.00498
2024-10-29,6M,2025-04-29,0.00804,0.00461
2024-10-29,1Y,2025-10-29,0.00796,0.004
2024-10-29,2Y,2026-10-29,0.00802,0.00391
2024-10-30,3M,2025-01-30,0.00655,0.00497
2024-10-30,6M,2025-04-30,0.00815,0.00443
2024-10-30,1Y,2025-10-30,0.00794,0.00387
2024-10-30,2Y,2026-10-30,0.00801,0.00386
2024-10-31,3M,2025-01-31,0.00656,0.00492
2024-10-31,6M,2025-04-30,0.00815,0.00422
2024-10-31,1Y,2025-10-31,0.00793,0.00354
2024-10-31,2Y,2026-10-31,0.00801,0.0037
2024-11-01,3M,2025-02-01,0.00656,0.00493
2024-11-01,6M,2025-05-01,0.00818,0.00436
2024-11-01,1Y,2025-11-01,0.00792,0.00385
2024-11-01,2Y,2026-11-01,0.00801,0.00376
2024-11-04,3M,2025-02-04,0.00656,0.00492
2024-11-04,6M,2025-05-04,0.00822,0.00423
2024-11-04,1Y,2025-11-04,0.00791,0.00356
2024-11-04,2Y,2026-11-04,0.00801,0.00373
2024-11-05,3M,2025-02-05,0.00656,0.00532
2024-11-05,6M,2025-05-05,0.00822,0.00439
2024-11-05,1Y,2025-11-05,0.0079,0.00366
2024-11-05,2Y,2026-11-05,0.008,0.00382
2024-11-06,3M,2025-02-06,0.00657,0.00535
2024-11-06,6M,2025-05-06,0.00826,0.00451
2024-11-06,1Y,2025-11-06,0.00788,0.00388
2024-11-06,2Y,2026-11-06,0.008,0.00391
2024-11-07,3M,2025-02-07,0.00657,0.00518
2024-11-07,6M,2025-05-07,0.00829,0.00444
2024-11-07,1Y,2025-11-07,0.00787,0.00378
2024-11-07,2Y,2026-11-07,0.008,0.00393
2024-11-08,3M,2025-02-08,0.00657,0.00526
2024-11-08,6M,2025-05-08,0.0084,0.00462
2024-11-08,1Y,2025-11-08,0.00786,0.0039
2024-11-08,2Y,2026-11-08,0.008,0.004
2024-11-11,3M,2025-02-11,0.00657,0.00541
2024-11-11,6M,2025-05-11,0.00847,0.00522
2024-11-11,1Y,2025-11-11,0.00785,0.0042
2024-11-11,2Y,2026-11-11,0.008,0.00414
2024-11-12,3M,2025-02-12,0.00658,0.00557
2024-11-12,6M,2025-05-12,0.00847,0.00527
2024-11-12,1Y,2025-11-12,0.00785,0.00423
2024-11-12,2Y,2026-11-12,0.00799,0.00427
2024-11-13,3M,2025-02-13,0.00658,0.00647
2024-11-13,6M,2025-05-13,0.00851,0.00514
2024-11-13,1Y,2025-11-13,0.00782,0.00433
2024-11-13,2Y,2026-11-13,0.00799,0.00439
2024-11-14,3M,2025-02-14,0.00658,0.00816
2024-11-14,6M,2025-05-14,0.00855,0.00623
2024-11-14,1Y,2025-11-14,0.00781,0.00528
2024-11-14,2Y,2026-11-14,0.00799,0.00543
2024-11-15,3M,2025-02-15,0.00659,0.00812
2024-11-15,6M,2025-05-15,0.00866,0.00743
2024-11-15,1Y,2025-11-15,0.0078,0.00694
2024-11-15,2Y,2026-11-15,0.00799,0.00711
2024-11-18,3M,2025-02-18,0.00659,0.00801
2024-11-18,6M,2025-05-18,0.00873,0.00632
2024-11-18,1Y,2025-11-18,0.0078,0.00552
2024-11-18,2Y,2026-11-18,0.00798,0.00534
2024-11-19,3M,2025-02-19,0.00659,0.00803
2024-11-19,6M,2025-05-19,0.00873,0.00619
2024-11-19,1Y,2025-11-19,0.00779,0.00508
2024-11-19,2Y,2026-11-19,0.00798,0.00489
2024-11-20,3M,2025-02-20,0.0066,0.00781
2024-11-20,6M,2025-05-20,0.00876,0.00615
2024-11-20,1Y,2025-11-20,0.00776,0.0051
2024-11-20,2Y,2026-11-20,0.00798,0.005
2024-11-21,3M,2025-02-21,0.0066,0.00773
2024-11-21,6M,2025-05-21,0.0088,0.00536
2024-11-21,1Y,2025-11-21,0.00775,0.00452
2024-11-21,2Y,2026-11-21,0.00797,0.00444
2024-11-22,3M,2025-02-22,0.0066,0.0077
2024-11-22,6M,2025-05-22,0.00891,0.00575
2024-11-22,1Y,2025-11-22,0.00775,0.00503
2024-11-22,2Y,2026-11-22,0.00797,0.00501
2024-11-25,3M,2025-02-25,0.0066,0.00769
2024-11-25,6M,2025-05-25,0.00898,0.00574
2024-11-25,1Y,2025-11-25,0.00774,0.00511
2024-11-25,2Y,2026-11-25,0.00797,0.00505
2024-11-26,3M,2025-02-26,0.00661,0.00763
2024-11-26,6M,2025-05-26,0.00898,0.00564
2024-11-26,1Y,2025-11-26,0.00773,0.00501
2024-11-26,2Y,2026-11-26,0.00796,0.00497
2024-11-27,3M,2025-02-27,0.00661,0.00746
2024-11-27,6M,2025-05-27,0.00902,0.00576
2024-11-27,1Y,2025-11-27,0.0077,0.00484
2024-11-27,2Y,2026-11-27,0.00796,0.00477
2024-11-28,3M,2025-02-28,0.00661,0.00735
2024-11-28,6M,2025-05-28,0.00905,0.00585
2024-11-28,1Y,2025-11-28,0.0077,0.00503
2024-11-28,2Y,2026-11-28,0.00796,0.00497
2024-11-29,3M,2025-02-28,0.00661,0.0075
2024-11-29,6M,2025-05-29,0.00916,0.00609
2024-11-29,1Y,2025-11-29,0.00769,0.00521
2024-11-29,2Y,2026-11-29,0.00796,0.00508
2024-12-02,3M,2025-03-02,0.00662,0.00742
2024-12-02,6M,2025-06-02,0.00924,0.00614
2024-12-02,1Y,2025-12-02,0.00768,0.00524
2024-12-02,2Y,2026-12-02,0.00796,0.00516
2024-12-03,3M,2025-03-03,0.00951,0.00747
2024-12-03,6M,2025-06-03,0.01189,0.00621
2024-12-03,1Y,2025-12-03,0.00964,0.0053
2024-12-03,2Y,2026-12-03,0.0096,0.00522
2024-12-04,3M,2025-03-04,0.00961,0.00755
2024-12-04,6M,2025-06-04,0.01193,0.00621
2024-12-04,1Y,2025-12-04,0.00963,0.00534
2024-12-04,2Y,2026-12-04,0.00959,0.00524
2024-12-05,3M,2025-03-05,0.00969,0.00763
2024-12-05,6M,2025-06-05,0.01207,0.00619
2024-12-05,1Y,2025-12-05,0.00984,0.00556
2024-12-05,2Y,2026-12-05,0.00978,0.00544
2024-12-06,3M,2025-03-06,0.01086,0.00882
2024-12-06,6M,2025-06-06,0.01216,0.00623
2024-12-06,1Y,2025-12-06,0.00994,0.00569
2024-12-06,2Y,2026-12-06,0.01,0.00567
2024-12-09,3M,2025-03-09,0.01079,0.00872
2024-12-09,6M,2025-06-09,0.01169,0.00566
2024-12-09,1Y,2025-12-09,0.00977,0.00552
2024-12-09,2Y,2026-12-09,0.00983,0.00551
2024-12-10,3M,2025-03-10,0.01099,0.00887
2024-12-10,6M,2025-06-10,0.01236,0.0062
2024-12-10,1Y,2025-12-10,0.00975,0.00546
2024-12-10,2Y,2026-12-10,0.00973,0.00538
2024-12-11,3M,2025-03-11,0.01057,0.00843
2024-12-11,6M,2025-06-11,0.01212,0.00589
2024-12-11,1Y,2025-12-11,0.00941,0.00513
2024-12-11,2Y,2026-12-11,0.00941,0.00507
2024-12-12,3M,2025-03-12,0.0103,0.00814
2024-12-12,6M,2025-06-12,0.01154,0.00512
2024-12-12,1Y,2025-12-12,0.00922,0.00496
2024-12-12,2Y,2026-12-12,0.00922,0.00489
2024-12-13,3M,2025-03-13,0.01026,0.00815
2024-12-13,6M,2025-06-13,0.01162,0.00516
2024-12-13,1Y,2025-12-13,0.00913,0.00489
2024-12-13,2Y,2026-12-13,0.00914,0.0048
2024-12-16,3M,2025-03-16,0.01044,0.00828
2024-12-16,6M,2025-06-16,0.01146,0.00486
2024-12-16,1Y,2025-12-16,0.00911,0.00484
2024-12-16,2Y,2026-12-16,0.00917,0.00483
2024-12-17,3M,2025-03-17,0.01106,0.00905
2024-12-17,6M,2025-06-17,0.01247,0.00594
2024-12-17,1Y,2025-12-17,0.00916,0.00492
2024-12-17,2Y,2026-12-17,0.00916,0.00484
2024-12-18,3M,2025-03-18,0.01078,0.0088
2024-12-18,6M,2025-06-18,0.01252,0.00595
2024-12-18,1Y,2025-12-18,0.00922,0.00502
2024-12-18,2Y,2026-12-18,0.00919,0.00488
2024-12-19,3M,2025-03-19,0.01077,0.00878
2024-12-19,6M,2025-06-19,0.01244,0.00555
2024-12-19,1Y,2025-12-19,0.00905,0.00481
2024-12-19,2Y,2026-12-19,0.00894,0.00458
2024-12-20,3M,2025-03-20,0.01007,0.00814
2024-12-20,6M,2025-06-20,0.01254,0.00552
2024-12-20,1Y,2025-12-20,0.00898,0.00472
2024-12-20,2Y,2026-12-20,0.00902,0.00465
2024-12-23,3M,2025-03-23,0.00886,0.00675
2024-12-23,6M,2025-06-23,0.01292,0.00578
2024-12-23,1Y,2025-12-23,0.00875,0.00445
2024-12-23,2Y,2026-12-23,0.00881,0.00442
2024-12-27,3M,2025-03-27,0.00894,0.00632
2024-12-27,6M,2025-06-27,0.01255,0.00538
2024-12-27,1Y,2025-12-27,0.00833,0.00399
2024-12-27,2Y,2026-12-27,0.00839,0.00397
2024-12-30,3M,2025-03-30,0.00789,0.00489
2024-12-30,6M,2025-06-30,0.01156,0.00419
2024-12-30,1Y,2025-12-30,0.00842,0.00398
2024-12-30,2Y,2026-12-30,0.00845,0.00399
2025-01-02,3M,2025-04-02,0.00655,0.00352
2025-01-02,6M,2025-07-02,0.01143,0.00407
2025-01-02,1Y,2026-01-02,0.00791,0.00349
2025-01-02,2Y,2027-01-02,0.00823,0.00379
2025-01-03,3M,2025-04-03,0.00647,0.00324
2025-01-03,6M,2025-07-03,0.01007,0.00268
2025-01-03,1Y,2026-01-03,0.008,0.00353
2025-01-03,2Y,2027-01-03,0.0083,0.0038
2025-01-06,3M,2025-04-06,0.00638,0.00313
2025-01-06,6M,2025-07-06,0.00998,0.00276
2025-01-06,1Y,2026-01-06,0.00786,0.00348
2025-01-06,2Y,2027-01-06,0.00814,0.00371
2025-01-07,3M,2025-04-07,0.00698,0.0037
2025-01-07,6M,2025-07-07,0.01038,0.00314
2025-01-07,1Y,2026-01-07,0.00788,0.00351
2025-01-07,2Y,2027-01-07,0.00823,0.00382
2025-01-08,3M,2025-04-08,0.00693,0.0034
2025-01-08,6M,2025-07-08,0.01093,0.00358
2025-01-08,1Y,2026-01-08,0.00776,0.00336
2025-01-08,2Y,2027-01-08,0.00802,0.0036
2025-01-09,3M,2025-04-09,0.00682,0.00323
2025-01-09,6M,2025-07-09,0.01039,0.003
2025-01-09,1Y,2026-01-09,0.00771,0.0033
2025-01-09,2Y,2027-01-09,0.00796,0.00354
2025-01-10,3M,2025-04-10,0.00702,0.00325
2025-01-10,6M,2025-07-10,0.0103,0.00293
2025-01-10,1Y,2026-01-10,0.00777,0.00334
2025-01-10,2Y,2027-01-10,0.00801,0.00357
2025-01-13,3M,2025-04-13,0.00718,0.00306
2025-01-13,6M,2025-07-13,0.01037,0.0029
2025-01-13,1Y,2026-01-13,0.00761,0.00311
2025-01-13,2Y,2027-01-13,0.00784,0.00336
2025-01-14,3M,2025-04-14,0.00756,0.00394
2025-01-14,6M,2025-07-14,0.01031,0.00292
2025-01-14,1Y,2026-01-14,0.0078,0.00337
2025-01-14,2Y,2027-01-14,0.008,0.00357
2025-01-15,3M,2025-04-15,0.00759,0.00395
2025-01-15,6M,2025-07-15,0.00994,0.00263
2025-01-15,1Y,2026-01-15,0.00783,0.00345
2025-01-15,2Y,2027-01-15,0.00817,0.00378
2025-01-16,3M,2025-04-16,0.0079,0.00407
2025-01-16,6M,2025-07-16,0.0105,0.00324
2025-01-16,1Y,2026-01-16,0.00786,0.00353
2025-01-16,2Y,2027-01-16,0.00819,0.00385
2025-01-17,3M,2025-04-17,0.00798,0.00407
2025-01-17,6M,2025-07-17,0.01043,0.00324
2025-01-17,1Y,2026-01-17,0.00797,0.00365
2025-01-17,2Y,2027-01-17,0.00821,0.00388
2025-01-20,3M,2025-04-20,0.00798,0.00406
2025-01-20,6M,2025-07-20,0.01056,0.00344
2025-01-20,1Y,2026-01-20,0.00829,0.00399
2025-01-20,2Y,2027-01-20,0.00855,0.00425
2025-01-21,3M,2025-04-21,0.00815,0.00407
2025-01-21,6M,2025-07-21,0.01131,0.00408
2025-01-21,1Y,2026-01-21,0.00821,0.00387
2025-01-21,2Y,2027-01-21,0.00852,0.0042
2025-01-22,3M,2025-04-22,0.00814,0.00406
2025-01-22,6M,2025-07-22,0.01091,0.00371
2025-01-22,1Y,2026-01-22,0.00826,0.00395
2025-01-22,2Y,2027-01-22,0.00854,0.00424
2025-01-23,3M,2025-04-23,0.0083,0.00405
2025-01-23,6M,2025-07-23,0.011,0.00371
2025-01-23,1Y,2026-01-23,0.00853,0.00416
2025-01-23,2Y,2027-01-23,0.00861,0.00428
2025-01-24,3M,2025-04-24,0.00857,0.00401
2025-01-24,6M,2025-07-24,0.01057,0.00329
2025-01-24,1Y,2026-01-24,0.00865,0.00428
2025-01-24,2Y,2027-01-24,0.00877,0.00447
2025-01-27,3M,2025-04-27,0.00876,0.004
2025-01-27,6M,2025-07-27,0.01093,0.00359
2025-01-27,1Y,2026-01-27,0.00854,0.00413
2025-01-27,2Y,2027-01-27,0.00858,0.00425
2025-01-28,3M,2025-04-28,0.00875,0.004
2025-01-28,6M,2025-07-28,0.01087,0.00355
2025-01-28,1Y,2026-01-28,0.00863,0.00424
2025-01-28,2Y,2027-01-28,0.00865,0.00434
2025-01-29,3M,2025-04-29,0.00915,0.00452
2025-01-29,6M,2025-07-29,0.0106,0.00331
2025-01-29,1Y,2026-01-29,0.00885,0.00449
2025-01-29,2Y,2027-01-29,0.00895,0.00465
2025-01-30,3M,2025-04-30,0.00956,0.00464
2025-01-30,6M,2025-07-30,0.01155,0.00437
2025-01-30,1Y,2026-01-30,0.0089,0.00462
2025-01-30,2Y,2027-01-30,0.00898,0.00474
2025-01-31,3M,2025-04-30,0.00956,0.00461
2025-01-31,6M,2025-07-31,0.01134,0.00422
2025-01-31,1Y,2026-01-31,0.00897,0.00468
2025-01-31,2Y,2027-01-31,0.00902,0.00477
2025-02-03,3M,2025-05-03,0.00988,0.00466
2025-02-03,6M,2025-08-03,0.01158,0.00441
2025-02-03,1Y,2026-02-03,0.00891,0.00457
2025-02-03,2Y,2027-02-03,0.00902,0.00474
2025-02-04,3M,2025-05-04,0.00983,0.00459
2025-02-04,6M,2025-08-04,0.01149,0.00431
2025-02-04,1Y,2026-02-04,0.00921,0.00482
2025-02-04,2Y,2027-02-04,0.00936,0.00507
2025-02-05,3M,2025-05-05,0.00996,0.00467
2025-02-05,6M,2025-08-05,0.01162,0.00452
2025-02-05,1Y,2026-02-05,0.00918,0.00483
2025-02-05,2Y,2027-02-05,0.00938,0.0051
2025-02-06,3M,2025-05-06,0.01005,0.00465
2025-02-06,6M,2025-08-06,0.01149,0.00443
2025-02-06,1Y,2026-02-06,0.00938,0.00507
2025-02-06,2Y,2027-02-06,0.00944,0.00521
2025-02-07,3M,2025-05-07,0.01026,0.00492
2025-02-07,6M,2025-08-07,0.01225,0.00523
2025-02-07,1Y,2026-02-07,0.00964,0.00532
2025-02-07,2Y,2027-02-07,0.00969,0.00546
2025-02-10,3M,2025-05-10,0.01121,0.00552
2025-02-10,6M,2025-08-10,0.0123,0.00535
2025-02-10,1Y,2026-02-10,0.00969,0.00539
2025-02-10,2Y,2027-02-10,0.00975,0.00554
2025-02-11,3M,2025-05-11,0.01119,0.00524
2025-02-11,6M,2025-08-11,0.0117,0.00422
2025-02-11,1Y,2026-02-11,0.00969,0.00508
2025-02-11,2Y,2027-02-11,0.00972,0.00522
2025-02-12,3M,2025-05-12,0.01127,0.00519
2025-02-12,6M,2025-08-12,0.01204,0.00454
2025-02-12,1Y,2026-02-12,0.00978,0.00517
2025-02-12,2Y,2027-02-12,0.00975,0.00524
2025-02-13,3M,2025-05-13,0.01542,0.00454
2025-02-13,6M,2025-08-13,0.01225,0.00479
2025-02-13,1Y,2026-02-13,0.00962,0.00506
2025-02-13,2Y,2027-02-13,0.00964,0.00519
2025-02-14,3M,2025-05-14,0.01498,0.00455
2025-02-14,6M,2025-08-14,0.01154,0.00457
2025-02-14,1Y,2026-02-14,0.00965,0.00528
2025-02-14,2Y,2027-02-14,0.00975,0.00538
2025-02-17,3M,2025-05-17,0.0161,0.0043
2025-02-17,6M,2025-08-17,0.0119,0.00495
2025-02-17,1Y,2026-02-17,0.00965,0.00528
2025-02-17,2Y,2027-02-17,0.00967,0.00531
2025-02-18,3M,2025-05-18,0.01637,0.00429
2025-02-18,6M,2025-08-18,0.01157,0.00448
2025-02-18,1Y,2026-02-18,0.00937,0.00495
2025-02-18,2Y,2027-02-18,0.00933,0.00496
2025-02-19,3M,2025-05-19,0.01652,0.00428
2025-02-19,6M,2025-08-19,0.01134,0.00421
2025-02-19,1Y,2026-02-19,0.00924,0.0048
2025-02-19,2Y,2027-02-19,0.00919,0.00479
2025-02-20,3M,2025-05-20,0.01736,0.00426
2025-02-20,6M,2025-08-20,0.01133,0.00383
2025-02-20,1Y,2026-02-20,0.00926,0.00467
2025-02-20,2Y,2027-02-20,0.00924,0.00477
2025-02-21,3M,2025-05-21,0.01733,0.00426
2025-02-21,6M,2025-08-21,0.01154,0.00418
2025-02-21,1Y,2026-02-21,0.00923,0.00467
2025-02-21,2Y,2027-02-21,0.00928,0.00482
2025-02-24,3M,2025-05-24,0.01693,0.00437
2025-02-24,6M,2025-08-24,0.01149,0.00428
2025-02-24,1Y,2026-02-24,0.00894,0.00441
2025-02-24,2Y,2027-02-24,0.00915,0.00472
2025-02-25,3M,2025-05-25,0.01672,0.00425
2025-02-25,6M,2025-08-25,0.01156,0.0044
2025-02-25,1Y,2026-02-25,0.0092,0.00472
2025-02-25,2Y,2027-02-25,0.00922,0.00481
2025-02-26,3M,2025-05-26,0.01699,0.00432
2025-02-26,6M,2025-08-26,0.01157,0.0044
2025-02-26,1Y,2026-02-26,0.00932,0.00486
2025-02-26,2Y,2027-02-26,0.00936,0.00497
2025-02-27,3M,2025-05-27,0.01756,0.00448
2025-02-27,6M,2025-08-27,0.01186,0.00457
2025-02-27,1Y,2026-02-27,0.00945,0.00494
2025-02-27,2Y,2027-02-27,0.00946,0.00502
2025-02-28,3M,2025-05-28,0.0175,0.00424
2025-02-28,6M,2025-08-28,0.01198,0.0047
2025-02-28,1Y,2026-02-28,0.00942,0.00486
2025-02-28,2Y,2027-02-28,0.00945,0.00499
2025-03-03,3M,2025-06-03,0.0176,0.00503
2025-03-03,6M,2025-09-03,0.01171,0.00467
2025-03-03,1Y,2026-03-03,0.00954,0.00505
2025-03-03,2Y,2027-03-03,0.00953,0.00514
2025-03-04,3M,2025-06-04,0.01789,0.00485
2025-03-04,6M,2025-09-04,0.01226,0.00509
2025-03-04,1Y,2026-03-04,0.00948,0.00483
2025-03-04,2Y,2027-03-04,0.00936,0.00486
2025-03-05,3M,2025-06-05,0.0174,0.00482
2025-03-05,6M,2025-09-05,0.0114,0.00435
2025-03-05,1Y,2026-03-05,0.00953,0.00497
2025-03-05,2Y,2027-03-05,0.00939,0.00496
2025-03-06,3M,2025-06-06,0.01801,0.00502
2025-03-06,6M,2025-09-06,0.01155,0.0044
2025-03-06,1Y,2026-03-06,0.00959,0.00497
2025-03-06,2Y,2027-03-06,0.00946,0.00498
2025-03-07,3M,2025-06-07,0.01809,0.00496
2025-03-07,6M,2025-09-07,0.01193,0.00467
2025-03-07,1Y,2026-03-07,0.00956,0.0049
2025-03-07,2Y,2027-03-07,0.00948,0.00496
2025-03-10,3M,2025-06-10,0.01813,0.00479
2025-03-10,6M,2025-09-10,0.01194,0.00463
2025-03-10,1Y,2026-03-10,0.00964,0.00491
2025-03-10,2Y,2027-03-10,0.00957,0.00501
2025-03-11,3M,2025-06-11,0.01865,0.00507
2025-03-11,6M,2025-09-11,0.01198,0.00467
2025-03-11,1Y,2026-03-11,0.0098,0.00499
2025-03-11,2Y,2027-03-11,0.00977,0.00514
2025-03-12,3M,2025-06-12,0.0183,0.00493
2025-03-12,6M,2025-09-12,0.01193,0.00467
2025-03-12,1Y,2026-03-12,0.00981,0.00495
2025-03-12,2Y,2027-03-12,0.00979,0.00509
2025-03-13,3M,2025-06-13,0.01795,0.00409
2025-03-13,6M,2025-09-13,0.01207,0.00457
2025-03-13,1Y,2026-03-13,0.00964,0.00471
2025-03-13,2Y,2027-03-13,0.00967,0.00496
2025-03-14,3M,2025-06-14,0.01839,0.00452
2025-03-14,6M,2025-09-14,0.01215,0.0046
2025-03-14,1Y,2026-03-14,0.00969,0.00477
2025-03-14,2Y,2027-03-14,0.00965,0.00495
2025-03-17,3M,2025-06-17,0.01771,0.00408
2025-03-17,6M,2025-09-17,0.01162,0.00427
2025-03-17,1Y,2026-03-17,0.00931,0.00444
2025-03-17,2Y,2027-03-17,0.00935,0.0047
2025-03-18,3M,2025-06-18,0.01773,0.00411
2025-03-18,6M,2025-09-18,0.01112,0.00395
2025-03-18,1Y,2026-03-18,0.00924,0.00436
2025-03-18,2Y,2027-03-18,0.00922,0.00455
2025-03-19,3M,2025-06-19,0.01693,0.00364
2025-03-19,6M,2025-09-19,0.01098,0.00381
2025-03-19,1Y,2026-03-19,0.00899,0.0041
2025-03-19,2Y,2027-03-19,0.00909,0.00441
2025-03-20,3M,2025-06-20,0.01793,0.00389
2025-03-20,6M,2025-09-20,0.0116,0.00407
2025-03-20,1Y,2026-03-20,0.00935,0.00429
2025-03-20,2Y,2027-03-20,0.00926,0.00447
2025-03-21,3M,2025-06-21,0.01586,0.00226
2025-03-21,6M,2025-09-21,0.0105,0.00319
2025-03-21,1Y,2026-03-21,0.00879,0.00383
2025-03-21,2Y,2027-03-21,0.00904,0.0043
2025-03-24,3M,2025-06-24,0.01587,0.00254
2025-03-24,6M,2025-09-24,0.01096,0.00384
2025-03-24,1Y,2026-03-24,0.00872,0.00383
2025-03-24,2Y,2027-03-24,0.00896,0.00426
2025-03-25,3M,2025-06-25,0.01522,0.00222
2025-03-25,6M,2025-09-25,0.01054,0.00364
2025-03-25,1Y,2026-03-25,0.00855,0.00375
2025-03-25,2Y,2027-03-25,0.00888,0.00424
2025-03-26,3M,2025-06-26,0.01526,0.00245
2025-03-26,6M,2025-09-26,0.01074,0.00388
2025-03-26,1Y,2026-03-26,0.00864,0.00379
2025-03-26,2Y,2027-03-26,0.00894,0.00428
2025-03-27,3M,2025-06-27,0.01541,0.00218
2025-03-27,6M,2025-09-27,0.01051,0.0035
2025-03-27,1Y,2026-03-27,0.00871,0.00378
2025-03-27,2Y,2027-03-27,0.00906,0.00437
2025-03-28,3M,2025-06-28,0.01584,0.00236
2025-03-28,6M,2025-09-28,0.01112,0.00399
2025-03-28,1Y,2026-03-28,0.00882,0.0038
2025-03-28,2Y,2027-03-28,0.0091,0.00435
2025-03-31,3M,2025-06-30,0.01642,0.00258
2025-03-31,6M,2025-09-30,0.01061,0.00335
2025-03-31,1Y,2026-03-31,0.00941,0.00429
2025-03-31,2Y,2027-03-31,0.009,0.00417
2025-04-01,3M,2025-07-01,0.01594,0.00215
2025-04-01,6M,2025-10-01,0.0107,0.00349
2025-04-01,1Y,2026-04-01,0.00954,0.00437
2025-04-01,2Y,2027-04-01,0.00912,0.00432
2025-04-02,3M,2025-07-02,0.01613,0.00216
2025-04-02,6M,2025-10-02,0.01066,0.00341
2025-04-02,1Y,2026-04-02,0.0096,0.00438
2025-04-02,2Y,2027-04-02,0.00905,0.00422
2025-04-03,3M,2025-07-03,0.01644,0.00175
2025-04-03,6M,2025-10-03,0.01083,0.00322
2025-04-03,1Y,2026-04-03,0.00935,0.0039
2025-04-03,2Y,2027-04-03,0.00908,0.00411
2025-04-04,3M,2025-07-04,0.01638,0.00098
2025-04-04,6M,2025-10-04,0.01134,0.00337
2025-04-04,1Y,2026-04-04,0.00942,0.00377
2025-04-04,2Y,2027-04-04,0.00909,0.004
2025-04-07,3M,2025-07-07,0.01675,0.00061
2025-04-07,6M,2025-10-07,0.01039,0.00214
2025-04-07,1Y,2026-04-07,0.00914,0.0034
2025-04-07,2Y,2027-04-07,0.00876,0.00362
2025-04-08,3M,2025-07-08,0.01527,-0.00033
2025-04-08,6M,2025-10-08,0.00922,0.00122
2025-04-08,1Y,2026-04-08,0.0093,0.00364
2025-04-08,2Y,2027-04-08,0.00878,0.00369
2025-04-09,3M,2025-07-09,0.01556,0.0
2025-04-09,6M,2025-10-09,0.00935,0.00184
2025-04-09,1Y,2026-04-09,0.0094,0.00351
2025-04-09,2Y,2027-04-09,0.00881,0.00371
2025-04-10,3M,2025-07-10,0.01599,0.00095
2025-04-10,6M,2025-10-10,0.01047,0.0026
2025-04-10,1Y,2026-04-10,0.00946,0.00374
2025-04-10,2Y,2027-04-10,0.00886,0.0038
2025-04-11,3M,2025-07-11,0.01572,0.00089
2025-04-11,6M,2025-10-11,0.01047,0.00271
2025-04-11,1Y,2026-04-11,0.00931,0.00365
2025-04-11,2Y,2027-04-11,0.0087,0.00372
2025-04-14,3M,2025-07-14,0.01561,0.00094
2025-04-14,6M,2025-10-14,0.01044,0.00207
2025-04-14,1Y,2026-04-14,0.00932,0.00384
2025-04-14,2Y,2027-04-14,0.0087,0.0038
2025-04-15,3M,2025-07-15,0.01523,0.00086
2025-04-15,6M,2025-10-15,0.00961,0.00209
2025-04-15,1Y,2026-04-15,0.00935,0.00378
2025-04-15,2Y,2027-04-15,0.00885,0.00394
2025-04-16,3M,2025-07-16,0.01608,0.00081
2025-04-16,6M,2025-10-16,0.01,0.00225
2025-04-16,1Y,2026-04-16,0.0097,0.00395
2025-04-16,2Y,2027-04-16,0.00886,0.00387
2025-04-17,3M,2025-07-17,0.01607,0.00094
2025-04-17,6M,2025-10-17,0.00996,0.00215
2025-04-17,1Y,2026-04-17,0.00936,0.00353
2025-04-17,2Y,2027-04-17,0.00878,0.00377
2025-04-22,3M,2025-07-22,0.01417,0.00084
2025-04-22,6M,2025-10-22,0.0092,0.00219
2025-04-22,1Y,2026-04-22,0.00907,0.0036
2025-04-22,2Y,2027-04-22,0.00872,0.00393
2025-04-23,3M,2025-07-23,0.01398,0.00101
2025-04-23,6M,2025-10-23,0.00913,0.00233
2025-04-23,1Y,2026-04-23,0.00923,0.0038
2025-04-23,2Y,2027-04-23,0.00878,0.00405
2025-04-24,3M,2025-07-24,0.01314,0.00115
2025-04-24,6M,2025-10-24,0.00872,0.00233
2025-04-24,1Y,2026-04-24,0.009,0.00376
2025-04-24,2Y,2027-04-24,0.00868,0.00406
2025-04-25,3M,2025-07-25,0.01318,0.00134
2025-04-25,6M,2025-10-25,0.00944,0.00314
2025-04-25,1Y,2026-04-25,0.00917,0.00396
2025-04-25,2Y,2027-04-25,0.00881,0.00423
2025-04-28,3M,2025-07-28,0.0132,0.0014
2025-04-28,6M,2025-10-28,0.00944,0.00316
2025-04-28,1Y,2026-04-28,0.0092,0.00398
2025-04-28,2Y,2027-04-28,0.00886,0.00429
2025-04-29,3M,2025-07-29,0.01284,0.0012
2025-04-29,6M,2025-10-29,0.009,0.00282
2025-04-29,1Y,2026-04-29,0.00898,0.00375
2025-04-29,2Y,2027-04-29,0.00865,0.0041
2025-04-30,3M,2025-07-30,0.01274,0.00069
2025-04-30,6M,2025-10-30,0.00863,0.00233
2025-04-30,1Y,2026-04-30,0.00862,0.00328
2025-04-30,2Y,2027-04-30,0.0084,0.00381
2025-05-02,3M,2025-08-02,0.01125,0.00056
2025-05-02,6M,2025-11-02,0.00756,0.00164
2025-05-02,1Y,2026-05-02,0.00805,0.00291
2025-05-02,2Y,2027-05-02,0.00806,0.0036
2025-05-05,3M,2025-08-05,0.00814,0.00079
2025-05-05,6M,2025-11-05,0.00633,0.00184
2025-05-05,1Y,2026-05-05,0.00756,0.00318
2025-05-05,2Y,2027-05-05,0.00776,0.00376
2025-05-06,3M,2025-08-06,0.00808,0.00085
2025-05-06,6M,2025-11-06,0.00647,0.00207
2025-05-06,1Y,2026-05-06,0.00757,0.0032
2025-05-06,2Y,2027-05-06,0.00769,0.00371
2025-05-07,3M,2025-08-07,0.00809,0.00114
2025-05-07,6M,2025-11-07,0.00661,0.00228
2025-05-07,1Y,2026-05-07,0.00759,0.00319
2025-05-07,2Y,2027-05-07,0.0077,0.00372
2025-05-08,3M,2025-08-08,0.00787,0.0013
2025-05-08,6M,2025-11-08,0.00628,0.00215
2025-05-08,1Y,2026-05-08,0.00753,0.00321
2025-05-08,2Y,2027-05-08,0.00762,0.0037
2025-05-09,3M,2025-08-09,0.00657,0.00141
2025-05-09,6M,2025-11-09,0.00568,0.00228
2025-05-09,1Y,2026-05-09,0.00713,0.00316
2025-05-09,2Y,2027-05-09,0.00741,0.00367
2025-05-12,3M,2025-08-12,0.00582,0.00149
2025-05-12,6M,2025-11-12,0.00568,0.00274
2025-05-12,1Y,2026-05-12,0.00712,0.00341
2025-05-12,2Y,2027-05-12,0.00745,0.00389
2025-05-13,3M,2025-08-13,0.00558,0.00149
2025-05-13,6M,2025-11-13,0.00544,0.00262
2025-05-13,1Y,2026-05-13,0.00712,0.00345
2025-05-13,2Y,2027-05-13,0.0074,0.00388
2025-05-14,3M,2025-08-14,0.00471,0.00147
2025-05-14,6M,2025-11-14,0.00522,0.00282
2025-05-14,1Y,2026-05-14,0.00708,0.00356
2025-05-14,2Y,2027-05-14,0.00743,0.00401
2025-05-15,3M,2025-08-15,0.00558,0.00249
2025-05-15,6M,2025-11-15,0.00504,0.00268
2025-05-15,1Y,2026-05-15,0.00716,0.00362
2025-05-15,2Y,2027-05-15,0.00744,0.00403
2025-05-16,3M,2025-08-16,0.00556,0.0025
2025-05-16,6M,2025-11-16,0.00531,0.003
2025-05-16,1Y,2026-05-16,0.00696,0.00342
2025-05-16,2Y,2027-05-16,0.00747,0.00407
2025-05-19,3M,2025-08-19,0.00431,0.00306
2025-05-19,6M,2025-11-19,0.00458,0.0032
2025-05-19,1Y,2026-05-19,0.00689,0.00379
2025-05-19,2Y,2027-05-19,0.00756,0.00439
2025-05-20,3M,2025-08-20,0.00426,0.00301
2025-05-20,6M,2025-11-20,0.00471,0.00331
2025-05-20,1Y,2026-05-20,0.00708,0.00396
2025-05-20,2Y,2027-05-20,0.00771,0.00454
2025-05-21,3M,2025-08-21,0.00414,0.00285
2025-05-21,6M,2025-11-21,0.00486,0.00345
2025-05-21,1Y,2026-05-21,0.00704,0.00383
2025-05-21,2Y,2027-05-21,0.00751,0.00433
2025-05-22,3M,2025-08-22,0.00422,0.00291
2025-05-22,6M,2025-11-22,0.00465,0.0032
2025-05-22,1Y,2026-05-22,0.00688,0.00362
2025-05-22,2Y,2027-05-22,0.00741,0.00421
2025-05-23,3M,2025-08-23,0.00417,0.00288
2025-05-23,6M,2025-11-23,0.00451,0.00305
2025-05-23,1Y,2026-05-23,0.00676,0.00344
2025-05-23,2Y,2027-05-23,0.0073,0.00407
2025-05-26,3M,2025-08-26,0.00391,0.0026
2025-05-26,6M,2025-11-26,0.00463,0.00316
2025-05-26,1Y,2026-05-26,0.00683,0.00351
2025-05-26,2Y,2027-05-26,0.00732,0.00411
2025-05-27,3M,2025-08-27,0.00385,0.00267
2025-05-27,6M,2025-11-27,0.00474,0.00332
2025-05-27,1Y,2026-05-27,0.00685,0.00354
2025-05-27,2Y,2027-05-27,0.00738,0.00419
2025-05-28,3M,2025-08-28,0.00394,0.00278
2025-05-28,6M,2025-11-28,0.00495,0.00351
2025-05-28,1Y,2026-05-28,0.00716,0.00373
2025-05-28,2Y,2027-05-28,0.00758,0.00436
2025-05-29,3M,2025-08-29,0.0042,0.00298
2025-05-29,6M,2025-11-29,0.00492,0.00342
2025-05-29,1Y,2026-05-29,0.00709,0.00361
2025-05-29,2Y,2027-05-29,0.00753,0.00428
2025-05-30,3M,2025-08-30,0.00422,0.003
2025-05-30,6M,2025-11-30,0.00495,0.00341
2025-05-30,1Y,2026-05-30,0.00726,0.00373
2025-05-30,2Y,2027-05-30,0.0075,0.00424
2025-06-02,3M,2025-09-02,0.00406,0.00285
2025-06-02,6M,2025-12-02,0.00491,0.00339
2025-06-02,1Y,2026-06-02,0.00722,0.00366
2025-06-02,2Y,2027-06-02,0.00757,0.0043
2025-06-03,3M,2025-09-03,0.00406,0.00287
2025-06-03,6M,2025-12-03,0.00497,0.00343
2025-06-03,1Y,2026-06-03,0.00727,0.00369
2025-06-03,2Y,2027-06-03,0.00755,0.00428
2025-06-04,3M,2025-09-04,0.00451,0.00324
2025-06-04,6M,2025-12-04,0.00503,0.00342
2025-06-04,1Y,2026-06-04,0.00734,0.00366
2025-06-04,2Y,2027-06-04,0.00758,0.00429
2025-06-05,3M,2025-09-05,0.00437,0.00322
2025-06-05,6M,2025-12-05,0.00514,0.00335
2025-06-05,1Y,2026-06-05,0.00791,0.00357
2025-06-05,2Y,2027-06-05,0.00867,0.00427
2025-06-06,3M,2025-09-06,0.00432,0.00317
2025-06-06,6M,2025-12-06,0.00507,0.00329
2025-06-06,1Y,2026-06-06,0.00779,0.00346
2025-06-06,2Y,2027-06-06,0.00866,0.00428
2025-06-09,3M,2025-09-09,0.00421,0.00323
2025-06-09,6M,2025-12-09,0.00507,0.00337
2025-06-09,1Y,2026-06-09,0.00773,0.00339
2025-06-09,2Y,2027-06-09,0.00865,0.00426
2025-06-10,3M,2025-09-10,0.00394,0.00296
2025-06-10,6M,2025-12-10,0.00509,0.00338
2025-06-10,1Y,2026-06-10,0.00817,0.00382
2025-06-10,2Y,2027-06-10,0.00868,0.00428
2025-06-11,3M,2025-09-11,0.00386,0.00287
2025-06-11,6M,2025-12-11,0.00491,0.0032
2025-06-11,1Y,2026-06-11,0.00783,0.00347
2025-06-11,2Y,2027-06-11,0.00861,0.00419
2025-06-12,3M,2025-09-12,0.00358,0.00258
2025-06-12,6M,2025-12-12,0.00479,0.00306
2025-06-12,1Y,2026-06-12,0.00805,0.00366
2025-06-12,2Y,2027-06-12,0.00841,0.00398
2025-06-13,3M,2025-09-13,0.00349,0.00248
2025-06-13,6M,2025-12-13,0.00476,0.00302
2025-06-13,1Y,2026-06-13,0.00791,0.00346
2025-06-13,2Y,2027-06-13,0.00836,0.00386
2025-06-16,3M,2025-09-16,0.00364,0.00263
2025-06-16,6M,2025-12-16,0.00483,0.0031
2025-06-16,1Y,2026-06-16,0.00785,0.00344
2025-06-16,2Y,2027-06-16,0.00833,0.00389
2025-06-17,3M,2025-09-17,0.00372,0.0027
2025-06-17,6M,2025-12-17,0.00475,0.003
2025-06-17,1Y,2026-06-17,0.00781,0.00337
2025-06-17,2Y,2027-06-17,0.00837,0.00388
2025-06-18,3M,2025-09-18,0.00348,0.00246
2025-06-18,6M,2025-12-18,0.00453,0.00278
2025-06-18,1Y,2026-06-18,0.0076,0.00314
2025-06-18,2Y,2027-06-18,0.00824,0.00373
2025-06-19,3M,2025-09-19,0.00175,0.00102
2025-06-19,6M,2025-12-19,0.00377,0.00214
2025-06-19,1Y,2026-06-19,0.00701,0.00256
2025-06-19,2Y,2027-06-19,0.00806,0.00353
2025-06-20,3M,2025-09-20,0.00188,0.00117
2025-06-20,6M,2025-12-20,0.00388,0.00229
2025-06-20,1Y,2026-06-20,0.0069,0.00255
2025-06-20,2Y,2027-06-20,0.0079,0.00346
2025-06-23,3M,2025-09-23,0.00245,0.00166
2025-06-23,6M,2025-12-23,0.00391,0.00232
2025-06-23,1Y,2026-06-23,0.00692,0.00257
2025-06-23,2Y,2027-06-23,0.00789,0.00346
2025-06-24,3M,2025-09-24,0.00282,0.00205
2025-06-24,6M,2025-12-24,0.00412,0.00255
2025-06-24,1Y,2026-06-24,0.00715,0.00286
2025-06-24,2Y,2027-06-24,0.00806,0.00369
2025-06-25,3M,2025-09-25,0.00289,0.00211
2025-06-25,6M,2025-12-25,0.00428,0.00269
2025-06-25,1Y,2026-06-25,0.00715,0.00282
2025-06-25,2Y,2027-06-25,0.00819,0.00378
2025-06-26,3M,2025-09-26,0.00387,0.00267
2025-06-26,6M,2025-12-26,0.00443,0.00284
2025-06-26,1Y,2026-06-26,0.00738,0.00305
2025-06-26,2Y,2027-06-26,0.00845,0.00403
2025-06-27,3M,2025-09-27,0.00366,0.00248
2025-06-27,6M,2025-12-27,0.00441,0.00284
2025-06-27,1Y,2026-06-27,0.00726,0.003
2025-06-27,2Y,2027-06-27,0.00829,0.00394
2025-06-30,3M,2025-09-30,0.00344,0.00225
2025-06-30,6M,2025-12-30,0.00457,0.003
2025-06-30,1Y,2026-06-30,0.00771,0.00343
2025-06-30,2Y,2027-06-30,0.00835,0.00398
2025-07-01,3M,2025-10-01,0.0038,0.00231
2025-07-01,6M,2026-01-01,0.00446,0.00289
2025-07-01,1Y,2026-07-01,0.00754,0.00317
2025-07-01,2Y,2027-07-01,0.00835,0.00392
2025-07-02,3M,2025-10-02,0.0037,0.00222
2025-07-02,6M,2026-01-02,0.00469,0.003
2025-07-02,1Y,2026-07-02,0.00767,0.00333
2025-07-02,2Y,2027-07-02,0.00843,0.00403
2025-07-03,3M,2025-10-03,0.00365,0.00218
2025-07-03,6M,2026-01-03,0.00465,0.00297
2025-07-03,1Y,2026-07-03,0.00773,0.00334
2025-07-03,2Y,2027-07-03,0.00836,0.00401
2025-07-04,3M,2025-10-04,0.00368,0.0022
2025-07-04,6M,2026-01-04,0.00452,0.00281
2025-07-04,1Y,2026-07-04,0.00775,0.00332
2025-07-04,2Y,2027-07-04,0.00829,0.00389
2025-07-07,3M,2025-10-07,0.00363,0.00216
2025-07-07,6M,2026-01-07,0.00456,0.00287
2025-07-07,1Y,2026-07-07,0.00772,0.00333
2025-07-07,2Y,2027-07-07,0.00828,0.00391
2025-07-08,3M,2025-10-08,0.00384,0.00217
2025-07-08,6M,2026-01-08,0.00468,0.00292
2025-07-08,1Y,2026-07-08,0.0077,0.00333
2025-07-08,2Y,2027-07-08,0.0083,0.00391
2025-07-09,3M,2025-10-09,0.00398,0.00233
2025-07-09,6M,2026-01-09,0.00473,0.00299
2025-07-09,1Y,2026-07-09,0.00769,0.00338
2025-07-09,2Y,2027-07-09,0.0083,0.00398
2025-07-10,3M,2025-10-10,0.00402,0.00237
2025-07-10,6M,2026-01-10,0.0048,0.00305
2025-07-10,1Y,2026-07-10,0.00769,0.00336
2025-07-10,2Y,2027-07-10,0.00834,0.004
2025-07-11,3M,2025-10-11,0.00408,0.00242
2025-07-11,6M,2026-01-11,0.00484,0.00307
2025-07-11,1Y,2026-07-11,0.00767,0.00329
2025-07-11,2Y,2027-07-11,0.00839,0.00401
2025-07-14,3M,2025-10-14,0.00416,0.0024
2025-07-14,6M,2026-01-14,0.00481,0.00304
2025-07-14,1Y,2026-07-14,0.00772,0.00333
2025-07-14,2Y,2027-07-14,0.00841,0.00402
2025-07-15,3M,2025-10-15,0.0041,0.00233
2025-07-15,6M,2026-01-15,0.00488,0.00311
2025-07-15,1Y,2026-07-15,0.0079,0.0035
2025-07-15,2Y,2027-07-15,0.00844,0.00404
2025-07-16,3M,2025-10-16,0.00395,0.00217
2025-07-16,6M,2026-01-16,0.00475,0.00296
2025-07-16,1Y,2026-07-16,0.00803,0.00359
2025-07-16,2Y,2027-07-16,0.00852,0.00407
2025-07-17,3M,2025-10-17,0.00392,0.00216
2025-07-17,6M,2026-01-17,0.00508,0.00331
2025-07-17,1Y,2026-07-17,0.00807,0.00368
2025-07-17,2Y,2027-07-17,0.0085,0.00409
2025-07-18,3M,2025-10-18,0.00394,0.00217
2025-07-18,6M,2026-01-18,0.00503,0.00325
2025-07-18,1Y,2026-07-18,0.0078,0.00338
2025-07-18,2Y,2027-07-18,0.00851,0.00408
2025-07-21,3M,2025-10-21,0.00371,0.00218
2025-07-21,6M,2026-01-21,0.00506,0.0033
2025-07-21,1Y,2026-07-21,0.00799,0.00361
2025-07-21,2Y,2027-07-21,0.00855,0.00413
2025-07-22,3M,2025-10-22,0.00386,0.00232
2025-07-22,6M,2026-01-22,0.0051,0.00332
2025-07-22,1Y,2026-07-22,0.00801,0.00359
2025-07-22,2Y,2027-07-22,0.00857,0.00411
2025-07-23,3M,2025-10-23,0.00392,0.00246
2025-07-23,6M,2026-01-23,0.00515,0.00342
2025-07-23,1Y,2026-07-23,0.00805,0.00362
2025-07-23,2Y,2027-07-23,0.0086,0.00415
2025-07-24,3M,2025-10-24,0.00393,0.00247
2025-07-24,6M,2026-01-24,0.00531,0.00359
2025-07-24,1Y,2026-07-24,0.00834,0.00391
2025-07-24,2Y,2027-07-24,0.00883,0.00434
2025-07-25,3M,2025-10-25,0.00426,0.0028
2025-07-25,6M,2026-01-25,0.00529,0.00356
2025-07-25,1Y,2026-07-25,0.00831,0.00388
2025-07-25,2Y,2027-07-25,0.0089,0.00439
2025-07-28,3M,2025-10-28,0.00426,0.0028
2025-07-28,6M,2026-01-28,0.00556,0.00388
2025-07-28,1Y,2026-07-28,0.00838,0.00394
2025-07-28,2Y,2027-07-28,0.009,0.00446
2025-07-29,3M,2025-10-29,0.00426,0.00281
2025-07-29,6M,2026-01-29,0.00554,0.00387
2025-07-29,1Y,2026-07-29,0.00853,0.00412
2025-07-29,2Y,2027-07-29,0.00898,0.00449
2025-07-30,3M,2025-10-30,0.00452,0.00281
2025-07-30,6M,2026-01-30,0.00574,0.00408
2025-07-30,1Y,2026-07-30,0.00836,0.00397
2025-07-30,2Y,2027-07-30,0.0093,0.00482
2025-07-31,3M,2025-10-31,0.00455,0.00282
2025-07-31,6M,2026-01-31,0.00575,0.00406
2025-07-31,1Y,2026-07-31,0.00873,0.00428
2025-07-31,2Y,2027-07-31,0.00915,0.00462
2025-08-01,3M,2025-11-01,0.0046,0.00282
2025-08-01,6M,2026-02-01,0.00555,0.00381
2025-08-01,1Y,2026-08-01,0.0086,0.00401
2025-08-01,2Y,2027-08-01,0.00915,0.00449
2025-08-04,3M,2025-11-04,0.00441,0.00282
2025-08-04,6M,2026-02-04,0.00543,0.00379
2025-08-04,1Y,2026-08-04,0.00845,0.00393
2025-08-04,2Y,2027-08-04,0.00907,0.00447
2025-08-05,3M,2025-11-05,0.00441,0.00282
2025-08-05,6M,2026-02-05,0.00562,0.00399
2025-08-05,1Y,2026-08-05,0.00829,0.00377
2025-08-05,2Y,2027-08-05,0.00908,0.00448
2025-08-06,3M,2025-11-06,0.00442,0.00283
2025-08-06,6M,2026-02-06,0.00552,0.00389
2025-08-06,1Y,2026-08-06,0.0085,0.00398
2025-08-06,2Y,2027-08-06,0.00905,0.00444
2025-08-07,3M,2025-11-07,0.0044,0.00283
2025-08-07,6M,2026-02-07,0.00568,0.00407
2025-08-07,1Y,2026-08-07,0.00849,0.00404
2025-08-07,2Y,2027-08-07,0.00914,0.0046
2025-08-08,3M,2025-11-08,0.00433,0.00284
2025-08-08,6M,2026-02-08,0.00556,0.00399
2025-08-08,1Y,2026-08-08,0.00836,0.00394
2025-08-08,2Y,2027-08-08,0.0091,0.00459
2025-08-11,3M,2025-11-11,0.00433,0.00284
2025-08-11,6M,2026-02-11,0.00562,0.004
2025-08-11,1Y,2026-08-11,0.00841,0.00396
2025-08-11,2Y,2027-08-11,0.00915,0.0046
2025-08-12,3M,2025-11-12,0.00434,0.00284
2025-08-12,6M,2026-02-12,0.00564,0.00402
2025-08-12,1Y,2026-08-12,0.00835,0.00389
2025-08-12,2Y,2027-08-12,0.00912,0.00457
2025-08-13,3M,2025-11-13,0.00433,0.00285
2025-08-13,6M,2026-02-13,0.00613,0.00405
2025-08-13,1Y,2026-08-13,0.00834,0.00393
2025-08-13,2Y,2027-08-13,0.00912,0.00462
2025-08-14,3M,2025-11-14,0.00432,0.00285
2025-08-14,6M,2026-02-14,0.00613,0.00407
2025-08-14,1Y,2026-08-14,0.00826,0.00389
2025-08-14,2Y,2027-08-14,0.00905,0.00459
2025-08-15,3M,2025-11-15,0.00437,0.0029
2025-08-15,6M,2026-02-15,0.00615,0.00409
2025-08-15,1Y,2026-08-15,0.00828,0.00395
2025-08-15,2Y,2027-08-15,0.00908,0.00467
2025-08-18,3M,2025-11-18,0.00438,0.00291
2025-08-18,6M,2026-02-18,0.00637,0.00429
2025-08-18,1Y,2026-08-18,0.00835,0.00401
2025-08-18,2Y,2027-08-18,0.00909,0.00466
2025-08-19,3M,2025-11-19,0.00436,0.0029
2025-08-19,6M,2026-02-19,0.00659,0.00453
2025-08-19,1Y,2026-08-19,0.00851,0.00421
2025-08-19,2Y,2027-08-19,0.00919,0.0048
2025-08-20,3M,2025-11-20,0.00433,0.00288
2025-08-20,6M,2026-02-20,0.00655,0.00449
2025-08-20,1Y,2026-08-20,0.00847,0.00418
2025-08-20,2Y,2027-08-20,0.00918,0.0048
2025-08-21,3M,2025-11-21,0.005,0.00355
2025-08-21,6M,2026-02-21,0.0069,0.00484
2025-08-21,1Y,2026-08-21,0.00853,0.00423
2025-08-21,2Y,2027-08-21,0.00928,0.00489
2025-08-22,3M,2025-11-22,0.005,0.00356
2025-08-22,6M,2026-02-22,0.00678,0.00473
2025-08-22,1Y,2026-08-22,0.00865,0.0044
2025-08-22,2Y,2027-08-22,0.00922,0.0049
2025-08-25,3M,2025-11-25,0.00574,0.00356
2025-08-25,6M,2026-02-25,0.00693,0.00482
2025-08-25,1Y,2026-08-25,0.00874,0.00445
2025-08-25,2Y,2027-08-25,0.00922,0.00486
2025-08-26,3M,2025-11-26,0.00574,0.00356
2025-08-26,6M,2026-02-26,0.00693,0.00481
2025-08-26,1Y,2026-08-26,0.00874,0.00439
2025-08-26,2Y,2027-08-26,0.00927,0.00484
2025-08-27,3M,2025-11-27,0.00577,0.0036
2025-08-27,6M,2026-02-27,0.007,0.00488
2025-08-27,1Y,2026-08-27,0.00877,0.00445
2025-08-27,2Y,2027-08-27,0.00932,0.00493
2025-08-28,3M,2025-11-28,0.00571,0.00354
2025-08-28,6M,2026-02-28,0.00708,0.00497
2025-08-28,1Y,2026-08-28,0.00881,0.00449
2025-08-28,2Y,2027-08-28,0.00934,0.00494
2025-08-29,3M,2025-11-29,0.00557,0.00338
2025-08-29,6M,2026-02-28,0.00711,0.00496
2025-08-29,1Y,2026-08-29,0.00885,0.00447
2025-08-29,2Y,2027-08-29,0.00937,0.00491
2025-09-01,3M,2025-12-01,0.00554,0.00333
2025-09-01,6M,2026-03-01,0.00708,0.00492
2025-09-01,1Y,2026-09-01,0.00874,0.00437
2025-09-01,2Y,2027-09-01,0.00935,0.00491
2025-09-02,3M,2025-12-02,0.00587,0.00342
2025-09-02,6M,2026-03-02,0.00713,0.00493
2025-09-02,1Y,2026-09-02,0.00888,0.00444
2025-09-02,2Y,2027-09-02,0.00944,0.00493
2025-09-03,3M,2025-12-03,0.00593,0.00349
2025-09-03,6M,2026-03-03,0.00717,0.00499
2025-09-03,1Y,2026-09-03,0.00889,0.00447
2025-09-03,2Y,2027-09-03,0.00944,0.00496
2025-09-04,3M,2025-12-04,0.00595,0.00352
2025-09-04,6M,2026-03-04,0.00716,0.00494
2025-09-04,1Y,2026-09-04,0.00893,0.0045
2025-09-04,2Y,2027-09-04,0.00953,0.00501
2025-09-05,3M,2025-12-05,0.00594,0.0035
2025-09-05,6M,2026-03-05,0.00722,0.00501
2025-09-05,1Y,2026-09-05,0.00889,0.00447
2025-09-05,2Y,2027-09-05,0.00939,0.00489
2025-09-08,3M,2025-12-08,0.00592,0.00349
2025-09-08,6M,2026-03-08,0.00716,0.00511
2025-09-08,1Y,2026-09-08,0.00865,0.00434
2025-09-08,2Y,2027-09-08,0.00938,0.00497
2025-09-09,3M,2025-12-09,0.00589,0.00346
2025-09-09,6M,2026-03-09,0.00717,0.00512
2025-09-09,1Y,2026-09-09,0.00866,0.00436
2025-09-09,2Y,2027-09-09,0.00949,0.00509
2025-09-10,3M,2025-12-10,0.00585,0.00341
2025-09-10,6M,2026-03-10,0.00718,0.00513
2025-09-10,1Y,2026-09-10,0.00869,0.00437
2025-09-10,2Y,2027-09-10,0.00957,0.00517
2025-09-11,3M,2025-12-11,0.00561,0.00318
2025-09-11,6M,2026-03-11,0.00705,0.005
2025-09-11,1Y,2026-09-11,0.0086,0.0043
2025-09-11,2Y,2027-09-11,0.00943,0.00504
2025-09-12,3M,2025-12-12,0.00561,0.00318
2025-09-12,6M,2026-03-12,0.00712,0.00507
2025-09-12,1Y,2026-09-12,0.00859,0.00429
2025-09-12,2Y,2027-09-12,0.00944,0.00504
2025-09-15,3M,2025-12-15,0.00548,0.00308
2025-09-15,6M,2026-03-15,0.0069,0.00487
2025-09-15,1Y,2026-09-15,0.00845,0.00419
2025-09-15,2Y,2027-09-15,0.0094,0.00504
2025-09-16,3M,2025-12-16,0.00593,0.00349
2025-09-16,6M,2026-03-16,0.00731,0.00526
2025-09-16,1Y,2026-09-16,0.00862,0.0043
2025-09-16,2Y,2027-09-16,0.00937,0.00496
2025-09-17,3M,2025-12-17,0.00532,0.00288
2025-09-17,6M,2026-03-17,0.00673,0.00467
2025-09-17,1Y,2026-09-17,0.00832,0.004
2025-09-17,2Y,2027-09-17,0.00924,0.00483
2025-09-18,3M,2025-12-18,0.00532,0.00292
2025-09-18,6M,2026-03-18,0.00676,0.00474
2025-09-18,1Y,2026-09-18,0.0082,0.00395
2025-09-18,2Y,2027-09-18,0.00913,0.00479
2025-09-19,3M,2025-12-19,0.00506,0.00281
2025-09-19,6M,2026-03-19,0.00672,0.00475
2025-09-19,1Y,2026-09-19,0.00818,0.004
2025-09-19,2Y,2027-09-19,0.00915,0.00487
2025-09-22,3M,2025-12-22,0.00515,0.00297
2025-09-22,6M,2026-03-22,0.00711,0.00491
2025-09-22,1Y,2026-09-22,0.00822,0.00402
2025-09-22,2Y,2027-09-22,0.00911,0.00481
2025-09-23,3M,2025-12-23,0.00535,0.00318
2025-09-23,6M,2026-03-23,0.00759,0.00537
2025-09-23,1Y,2026-09-23,0.00844,0.00427
2025-09-23,2Y,2027-09-23,0.00922,0.00496
2025-09-24,3M,2025-12-24,0.00607,0.0039
2025-09-24,6M,2026-03-24,0.00763,0.00537
2025-09-24,1Y,2026-09-24,0.00854,0.00429
2025-09-24,2Y,2027-09-24,0.00927,0.00493
2025-09-25,3M,2025-12-25,0.00601,0.00384
2025-09-25,6M,2026-03-25,0.00786,0.0056
2025-09-25,1Y,2026-09-25,0.00868,0.00442
2025-09-25,2Y,2027-09-25,0.00946,0.0051
2025-09-26,3M,2025-12-26,0.00577,0.00402
2025-09-26,6M,2026-03-26,0.00761,0.00557
2025-09-26,1Y,2026-09-26,0.00854,0.00443
2025-09-26,2Y,2027-09-26,0.00933,0.00506
2025-09-29,3M,2025-12-29,0.00595,0.00419
2025-09-29,6M,2026-03-29,0.00757,0.00553
2025-09-29,1Y,2026-09-29,0.00859,0.00438
2025-09-29,2Y,2027-09-29,0.00932,0.00501
2025-09-30,3M,2025-12-30,0.00602,0.00428
2025-09-30,6M,2026-03-30,0.00777,0.00573
2025-09-30,1Y,2026-09-30,0.00866,0.0044
2025-09-30,2Y,2027-09-30,0.00934,0.005
2025-10-01,3M,2026-01-01,0.00588,0.00417
2025-10-01,6M,2026-04-01,0.00749,0.0055
2025-10-01,1Y,2026-10-01,0.00852,0.00439
2025-10-01,2Y,2027-10-01,0.00924,0.00501
2025-10-02,3M,2026-01-02,0.00591,0.00423
2025-10-02,6M,2026-04-02,0.00781,0.00566
2025-10-02,1Y,2026-10-02,0.00905,0.00458
2025-10-02,2Y,2027-10-02,0.00973,0.00522
2025-10-03,3M,2026-01-03,0.00596,0.00427
2025-10-03,6M,2026-04-03,0.00769,0.00576
2025-10-03,1Y,2026-10-03,0.00866,0.00461
2025-10-03,2Y,2027-10-03,0.00937,0.00521
2025-10-06,3M,2026-01-06,0.00617,0.00447
2025-10-06,6M,2026-04-06,0.00784,0.0059
2025-10-06,1Y,2026-10-06,0.00876,0.00469
2025-10-06,2Y,2027-10-06,0.00933,0.00517
2025-10-07,3M,2026-01-07,0.00619,0.00449
2025-10-07,6M,2026-04-07,0.0075,0.00556
2025-10-07,1Y,2026-10-07,0.00863,0.00455
2025-10-07,2Y,2027-10-07,0.00927,0.0051
2025-10-08,3M,2026-01-08,0.00611,0.00443
2025-10-08,6M,2026-04-08,0.00758,0.00556
2025-10-08,1Y,2026-10-08,0.0086,0.00464
2025-10-08,2Y,2027-10-08,0.00917,0.00514
2025-10-09,3M,2026-01-09,0.00616,0.00446
2025-10-09,6M,2026-04-09,0.0076,0.00554
2025-10-09,1Y,2026-10-09,0.00857,0.00457
2025-10-09,2Y,2027-10-09,0.00922,0.00516
2025-10-10,3M,2026-01-10,0.00642,0.00471
2025-10-10,6M,2026-04-10,0.00764,0.00549
2025-10-10,1Y,2026-10-10,0.00881,0.00459
2025-10-10,2Y,2027-10-10,0.00943,0.00513
2025-10-13,3M,2026-01-13,0.00643,0.00473
2025-10-13,6M,2026-04-13,0.0076,0.00546
2025-10-13,1Y,2026-10-13,0.00874,0.00452
2025-10-13,2Y,2027-10-13,0.00935,0.00506
2025-10-14,3M,2026-01-14,0.00636,0.00474
2025-10-14,6M,2026-04-14,0.00755,0.00545
2025-10-14,1Y,2026-10-14,0.00876,0.00452
2025-10-14,2Y,2027-10-14,0.00938,0.00506
2025-10-15,3M,2026-01-15,0.0082,0.0066
2025-10-15,6M,2026-04-15,0.00781,0.00559
2025-10-15,1Y,2026-10-15,0.00876,0.00456
2025-10-15,2Y,2027-10-15,0.00944,0.00516
2025-10-16,3M,2026-01-16,0.00843,0.00672
2025-10-16,6M,2026-04-16,0.00771,0.00544
2025-10-16,1Y,2026-10-16,0.00865,0.00445
2025-10-16,2Y,2027-10-16,0.00938,0.00512
2025-10-17,3M,2026-01-17,0.00804,0.00632
2025-10-17,6M,2026-04-17,0.00758,0.00529
2025-10-17,1Y,2026-10-17,0.00856,0.00433
2025-10-17,2Y,2027-10-17,0.00931,0.00501
2025-10-20,3M,2026-01-20,0.00846,0.00658
2025-10-20,6M,2026-04-20,0.00792,0.00535
2025-10-20,1Y,2026-10-20,0.0086,0.00442
2025-10-20,2Y,2027-10-20,0.0093,0.00505
2025-10-21,3M,2026-01-21,0.00877,0.00688
2025-10-21,6M,2026-04-21,0.00832,0.00547
2025-10-21,1Y,2026-10-21,0.00865,0.00447
2025-10-21,2Y,2027-10-21,0.00931,0.00506
2025-10-22,3M,2026-01-22,0.00835,0.00645
2025-10-22,6M,2026-04-22,0.00839,0.00551
2025-10-22,1Y,2026-10-22,0.00898,0.00478
2025-10-22,2Y,2027-10-22,0.00937,0.00509
2025-10-23,3M,2026-01-23,0.00844,0.00644
2025-10-23,6M,2026-04-23,0.00859,0.0056
2025-10-23,1Y,2026-10-23,0.00903,0.00477
2025-10-23,2Y,2027-10-23,0.00938,0.00505
2025-10-24,3M,2026-01-24,0.00882,0.00683
2025-10-24,6M,2026-04-24,0.00869,0.00564
2025-10-24,1Y,2026-10-24,0.00908,0.00482
2025-10-24,2Y,2027-10-24,0.00939,0.00507
2025-10-27,3M,2026-01-27,0.00839,0.00658
2025-10-27,6M,2026-04-27,0.00833,0.00537
2025-10-27,1Y,2026-10-27,0.00884,0.00465
2025-10-27,2Y,2027-10-27,0.00936,0.00508
2025-10-28,3M,2026-01-28,0.00827,0.00655
2025-10-28,6M,2026-04-28,0.0085,0.00546
2025-10-28,1Y,2026-10-28,0.00882,0.00466
2025-10-28,2Y,2027-10-28,0.00933,0.00506
2025-10-29,3M,2026-01-29,0.00843,0.00671
2025-10-29,6M,2026-04-29,0.00873,0.00557
2025-10-29,1Y,2026-10-29,0.00888,0.00472
2025-10-29,2Y,2027-10-29,0.00933,0.00506
2025-10-30,3M,2026-01-30,0.00809,0.00658
2025-10-30,6M,2026-04-30,0.00907,0.00555
2025-10-30,1Y,2026-10-30,0.00895,0.00469
2025-10-30,2Y,2027-10-30,0.00942,0.00509
2025-10-31,3M,2026-01-31,0.00806,0.00655
2025-10-31,6M,2026-04-30,0.00912,0.00557
2025-10-31,1Y,2026-10-31,0.00899,0.0047
2025-10-31,2Y,2027-10-31,0.00941,0.00505
2025-11-03,3M,2026-02-03,0.0081,0.00658
2025-11-03,6M,2026-05-03,0.00908,0.00553
2025-11-03,1Y,2026-11-03,0.00898,0.00467
2025-11-03,2Y,2027-11-03,0.00945,0.00504
2025-11-04,3M,2026-02-04,0.00817,0.00664
2025-11-04,6M,2026-05-04,0.00946,0.00549
2025-11-04,1Y,2026-11-04,0.00893,0.00468
2025-11-04,2Y,2027-11-04,0.00936,0.005
2025-11-05,3M,2026-02-05,0.00796,0.00665
2025-11-05,6M,2026-05-05,0.00945,0.00543
2025-11-05,1Y,2026-11-05,0.00884,0.00467
2025-11-05,2Y,2027-11-05,0.00935,0.00503
2025-11-06,3M,2026-02-06,0.00803,0.00672
2025-11-06,6M,2026-05-06,0.01022,0.00556
2025-11-06,1Y,2026-11-06,0.00894,0.00469
2025-11-06,2Y,2027-11-06,0.00933,0.00496
2025-11-07,3M,2026-02-07,0.00804,0.00671
2025-11-07,6M,2026-05-07,0.01013,0.00528
2025-11-07,1Y,2026-11-07,0.00893,0.00458
2025-11-07,2Y,2027-11-07,0.00934,0.00488
2025-11-10,3M,2026-02-10,0.0081,0.00669
2025-11-10,6M,2026-05-10,0.01122,0.00546
2025-11-10,1Y,2026-11-10,0.00881,0.00453
2025-11-10,2Y,2027-11-10,0.00929,0.00487
2025-11-11,3M,2026-02-11,0.00802,0.00663
2025-11-11,6M,2026-05-11,0.01127,0.0054
2025-11-11,1Y,2026-11-11,0.0088,0.00457
2025-11-11,2Y,2027-11-11,0.00928,0.0049
2025-11-12,3M,2026-02-12,0.00793,0.00655
2025-11-12,6M,2026-05-12,0.01136,0.00556
2025-11-12,1Y,2026-11-12,0.00886,0.00467
2025-11-12,2Y,2027-11-12,0.00924,0.00491
2025-11-13,3M,2026-02-13,0.00876,0.00652
2025-11-13,6M,2026-05-13,0.01133,0.0055
2025-11-13,1Y,2026-11-13,0.00888,0.00467
2025-11-13,2Y,2027-11-13,0.00928,0.00494
2025-11-14,3M,2026-02-14,0.00925,0.00699
2025-11-14,6M,2026-05-14,0.01174,0.0057
2025-11-14,1Y,2026-11-14,0.00884,0.00459
2025-11-14,2Y,2027-11-14,0.00927,0.00489
2025-11-17,3M,2026-02-17,0.0092,0.0069
2025-11-17,6M,2026-05-17,0.01202,0.00579
2025-11-17,1Y,2026-11-17,0.00895,0.00466
2025-11-17,2Y,2027-11-17,0.00938,0.00496
2025-11-18,3M,2026-02-18,0.00917,0.00686
2025-11-18,6M,2026-05-18,0.01263,0.00579
2025-11-18,1Y,2026-11-18,0.00888,0.00451
2025-11-18,2Y,2027-11-18,0.00943,0.00493
2025-11-19,3M,2026-02-19,0.00906,0.00675
2025-11-19,6M,2026-05-19,0.01246,0.00562
2025-11-19,1Y,2026-11-19,0.00884,0.00447
2025-11-19,2Y,2027-11-19,0.0094,0.00489
2025-11-20,3M,2026-02-20,0.00909,0.0067
2025-11-20,6M,2026-05-20,0.01242,0.00561
2025-11-20,1Y,2026-11-20,0.00893,0.00458
2025-11-20,2Y,2027-11-20,0.00948,0.005
2025-11-21,3M,2026-02-21,0.00913,0.00668
2025-11-21,6M,2026-05-21,0.01227,0.00537
2025-11-21,1Y,2026-11-21,0.00907,0.00467
2025-11-21,2Y,2027-11-21,0.00948,0.00495
2025-11-24,3M,2026-02-24,0.00868,0.00687
2025-11-24,6M,2026-05-24,0.01192,0.00536
2025-11-24,1Y,2026-11-24,0.00908,0.00468
2025-11-24,2Y,2027-11-24,0.00955,0.00502
2025-11-25,3M,2026-02-25,0.0086,0.0068
2025-11-25,6M,2026-05-25,0.012,0.00538
2025-11-25,1Y,2026-11-25,0.009,0.00462
2025-11-25,2Y,2027-11-25,0.00944,0.00493
2025-11-26,3M,2026-02-26,0.0084,0.00663
2025-11-26,6M,2026-05-26,0.01178,0.00525
2025-11-26,1Y,2026-11-26,0.00885,0.00453
2025-11-26,2Y,2027-11-26,0.00922,0.00477
2025-11-27,3M,2026-02-27,0.00844,0.00657
2025-11-27,6M,2026-05-27,0.01176,0.00524
2025-11-27,1Y,2026-11-27,0.00878,0.00447
2025-11-27,2Y,2027-11-27,0.00914,0.00468
2025-11-28,3M,2026-02-28,0.00828,0.00641
2025-11-28,6M,2026-05-28,0.01161,0.0051
2025-11-28,1Y,2026-11-28,0.00874,0.00443
2025-11-28,2Y,2027-11-28,0.0091,0.00465
2025-12-01,3M,2026-03-01,0.00821,0.0063
2025-12-01,6M,2026-06-01,0.01173,0.00506
2025-12-01,1Y,2026-12-01,0.00866,0.00437
2025-12-01,2Y,2027-12-01,0.00902,0.00458
2025-12-02,3M,2026-03-02,0.00798,0.00627
2025-12-02,6M,2026-06-02,0.01155,0.005
2025-12-02,1Y,2026-12-02,0.00872,0.00444
2025-12-02,2Y,2027-12-02,0.00906,0.00462
2025-12-03,3M,2026-03-03,0.00806,0.00636
2025-12-03,6M,2026-06-03,0.01154,0.005
2025-12-03,1Y,2026-12-03,0.00863,0.00435
2025-12-03,2Y,2027-12-03,0.00905,0.00461
2025-12-04,3M,2026-03-04,0.00798,0.00629
2025-12-04,6M,2026-06-04,0.01148,0.00497
2025-12-04,1Y,2026-12-04,0.00858,0.00432
2025-12-04,2Y,2027-12-04,0.00895,0.00452
2025-12-05,3M,2026-03-05,0.00789,0.0062
2025-12-05,6M,2026-06-05,0.01147,0.00496
2025-12-05,1Y,2026-12-05,0.00856,0.0043
2025-12-05,2Y,2027-12-05,0.00896,0.00454
2025-12-08,3M,2026-03-08,0.00761,0.00592
2025-12-08,6M,2026-06-08,0.01152,0.00495
2025-12-08,1Y,2026-12-08,0.00852,0.00426
2025-12-08,2Y,2027-12-08,0.00888,0.00445
2025-12-09,3M,2026-03-09,0.00763,0.00594
2025-12-09,6M,2026-06-09,0.01115,0.00456
2025-12-09,1Y,2026-12-09,0.00855,0.00428
2025-12-09,2Y,2027-12-09,0.00892,0.00448
2025-12-10,3M,2026-03-10,0.00751,0.00582
2025-12-10,6M,2026-06-10,0.0112,0.00458
2025-12-10,1Y,2026-12-10,0.00851,0.00422
2025-12-10,2Y,2027-12-10,0.00884,0.00438
2025-12-11,3M,2026-03-11,0.00739,0.00571
2025-12-11,6M,2026-06-11,0.01086,0.00432
2025-12-11,1Y,2026-12-11,0.00833,0.00409
2025-12-11,2Y,2027-12-11,0.00873,0.0043
2025-12-12,3M,2026-03-12,0.00793,0.00623
2025-12-12,6M,2026-06-12,0.01093,0.00434
2025-12-12,1Y,2026-12-12,0.00835,0.00408
2025-12-12,2Y,2027-12-12,0.00874,0.00428
2025-12-15,3M,2026-03-15,0.00763,0.00594
2025-12-15,6M,2026-06-15,0.01086,0.00429
2025-12-15,1Y,2026-12-15,0.00823,0.00397
2025-12-15,2Y,2027-12-15,0.00875,0.0043
2025-12-16,3M,2026-03-16,0.00758,0.00589
2025-12-16,6M,2026-06-16,0.01088,0.00427
2025-12-16,1Y,2026-12-16,0.00809,0.00381
2025-12-16,2Y,2027-12-16,0.00866,0.00419
2025-12-17,3M,2026-03-17,0.00757,0.00587
2025-12-17,6M,2026-06-17,0.01083,0.00418
2025-12-17,1Y,2026-12-17,0.00809,0.00378
2025-12-17,2Y,2027-12-17,0.00871,0.0042
2025-12-18,3M,2026-03-18,0.00739,0.0057
2025-12-18,6M,2026-06-18,0.0106,0.00403
2025-12-18,1Y,2026-12-18,0.00798,0.00372
2025-12-18,2Y,2027-12-18,0.00854,0.00408
2025-12-19,3M,2026-03-19,0.00767,0.00599
2025-12-19,6M,2026-06-19,0.01076,0.00412
2025-12-19,1Y,2026-12-19,0.00825,0.00401
2025-12-19,2Y,2027-12-19,0.00868,0.00424
2025-12-22,3M,2026-03-22,0.00806,0.00637
2025-12-22,6M,2026-06-22,0.01187,0.00521
2025-12-22,1Y,2026-12-22,0.00842,0.00416
2025-12-22,2Y,2027-12-22,0.00876,0.00431
2025-12-23,3M,2026-03-23,0.00795,0.0062
2025-12-23,6M,2026-06-23,0.0114,0.00475
2025-12-23,1Y,2026-12-23,0.00845,0.0042
2025-12-23,2Y,2027-12-23,0.00875,0.00431
2025-12-29,3M,2026-03-29,0.00853,0.00641
2025-12-29,6M,2026-06-29,0.01181,0.00517
2025-12-29,1Y,2026-12-29,0.0082,0.00398
2025-12-29,2Y,2027-12-29,0.00868,0.00425
2025-12-30,3M,2026-03-30,0.00813,0.00601
2025-12-30,6M,2026-06-30,0.01184,0.00511
2025-12-30,1Y,2026-12-30,0.00826,0.00406
2025-12-30,2Y,2027-12-30,0.00869,0.0043
2026-01-02,3M,2026-04-02,0.00674,0.00464
2026-01-02,6M,2026-07-02,0.01052,0.00395
2026-01-02,1Y,2027-01-02,0.00807,0.00391
2026-01-02,2Y,2028-01-02,0.0085,0.0042
2026-01-05,3M,2026-04-05,0.00604,0.00397
2026-01-05,6M,2026-07-05,0.01008,0.00343
2026-01-05,1Y,2027-01-05,0.00764,0.00353
2026-01-05,2Y,2028-01-05,0.00834,0.00409
2026-01-06,3M,2026-04-06,0.00601,0.00394
2026-01-06,6M,2026-07-06,0.01017,0.00353
2026-01-06,1Y,2027-01-06,0.00763,0.00352
2026-01-06,2Y,2028-01-06,0.00826,0.00402
2026-01-07,3M,2026-04-07,0.00577,0.0037
2026-01-07,6M,2026-07-07,0.0102,0.00356
2026-01-07,1Y,2027-01-07,0.00768,0.00353
2026-01-07,2Y,2028-01-07,0.0082,0.00395
2026-01-08,3M,2026-04-08,0.00571,0.00331
2026-01-08,6M,2026-07-08,0.00982,0.00316
2026-01-08,1Y,2027-01-08,0.00757,0.00341
2026-01-08,2Y,2028-01-08,0.00819,0.00393
2026-01-09,3M,2026-04-09,0.00567,0.00331
2026-01-09,6M,2026-07-09,0.00964,0.00318
2026-01-09,1Y,2027-01-09,0.00751,0.00349
2026-01-09,2Y,2028-01-09,0.00815,0.00399
2026-01-12,3M,2026-04-12,0.00604,0.0036
2026-01-12,6M,2026-07-12,0.00976,0.00332
2026-01-12,1Y,2027-01-12,0.00766,0.00367
2026-01-12,2Y,2028-01-12,0.00823,0.0041
2026-01-13,3M,2026-04-13,0.00637,0.00394
2026-01-13,6M,2026-07-13,0.00995,0.00353
2026-01-13,1Y,2027-01-13,0.00781,0.00382
2026-01-13,2Y,2028-01-13,0.00837,0.00424
2026-01-14,3M,2026-04-14,0.00631,0.00387
2026-01-14,6M,2026-07-14,0.01021,0.00375
2026-01-14,1Y,2027-01-14,0.00772,0.00371
2026-01-14,2Y,2028-01-14,0.00841,0.00425
2026-01-15,3M,2026-04-15,0.00658,0.00386
2026-01-15,6M,2026-07-15,0.01018,0.00376
2026-01-15,1Y,2027-01-15,0.00774,0.00375
2026-01-15,2Y,2028-01-15,0.00848,0.00435
2026-01-16,3M,2026-04-16,0.00712,0.0044
2026-01-16,6M,2026-07-16,0.01026,0.00381
2026-01-16,1Y,2027-01-16,0.00789,0.00389
2026-01-16,2Y,2028-01-16,0.00845,0.00432
2026-01-19,3M,2026-04-19,0.00657,0.00374
2026-01-19,6M,2026-07-19,0.01023,0.00381
2026-01-19,1Y,2027-01-19,0.00779,0.00374
2026-01-19,2Y,2028-01-19,0.00839,0.00422
2026-01-20,3M,2026-04-20,0.00679,0.00354
2026-01-20,6M,2026-07-20,0.0104,0.00381
2026-01-20,1Y,2027-01-20,0.00775,0.00366
2026-01-20,2Y,2028-01-20,0.00823,0.00404
2026-01-21,3M,2026-04-21,0.00739,0.00358
2026-01-21,6M,2026-07-21,0.01038,0.0038
2026-01-21,1Y,2027-01-21,0.00772,0.00364
2026-01-21,2Y,2028-01-21,0.00831,0.00413
2026-01-22,3M,2026-04-22,0.00677,0.00301
2026-01-22,6M,2026-07-22,0.01034,0.0038
2026-01-22,1Y,2027-01-22,0.00772,0.00368
2026-01-22,2Y,2028-01-22,0.00836,0.00422
2026-01-23,3M,2026-04-23,0.0069,0.00301
2026-01-23,6M,2026-07-23,0.01034,0.00378
2026-01-23,1Y,2027-01-23,0.00761,0.00356
2026-01-23,2Y,2028-01-23,0.00833,0.00417
2026-01-26,3M,2026-04-26,0.00698,0.00299
2026-01-26,6M,2026-07-26,0.00997,0.00343
2026-01-26,1Y,2027-01-26,0.00754,0.00351
2026-01-26,2Y,2028-01-26,0.00834,0.00416
2026-01-27,3M,2026-04-27,0.00693,0.00317
2026-01-27,6M,2026-07-27,0.01,0.00344
2026-01-27,1Y,2027-01-27,0.00755,0.00353
2026-01-27,2Y,2028-01-27,0.00836,0.00421
2026-01-28,3M,2026-04-28,0.00742,0.00306
2026-01-28,6M,2026-07-28,0.01012,0.00359
2026-01-28,1Y,2027-01-28,0.00759,0.00358
2026-01-28,2Y,2028-01-28,0.00842,0.00421
2026-01-29,3M,2026-04-29,0.00782,0.00318
2026-01-29,6M,2026-07-29,0.01016,0.0036
2026-01-29,1Y,2027-01-29,0.00751,0.00348
2026-01-29,2Y,2028-01-29,0.00836,0.00413
2026-01-30,3M,2026-04-30,0.00834,0.00315
2026-01-30,6M,2026-07-30,0.01008,0.00358
2026-01-30,1Y,2027-01-30,0.00738,0.00339
2026-01-30,2Y,2028-01-30,0.0083,0.0041
2026-02-02,3M,2026-05-02,0.00818,0.00299
2026-02-02,6M,2026-08-02,0.00972,0.00329
2026-02-02,1Y,2027-02-02,0.00744,0.00349
2026-02-02,2Y,2028-02-02,0.00837,0.00416
2026-02-03,3M,2026-05-03,0.00821,0.003
2026-02-03,6M,2026-08-03,0.00989,0.00337
2026-02-03,1Y,2027-02-03,0.00753,0.00357
2026-02-03,2Y,2028-02-03,0.0084,0.0042
2026-02-04,3M,2026-05-04,0.00834,0.00289
2026-02-04,6M,2026-08-04,0.00988,0.00335
2026-02-04,1Y,2027-02-04,0.00749,0.00357
2026-02-04,2Y,2028-02-04,0.00832,0.00418
2026-02-05,3M,2026-05-05,0.00971,0.00315
2026-02-05,6M,2026-08-05,0.00993,0.00335
2026-02-05,1Y,2027-02-05,0.00749,0.00351
2026-02-05,2Y,2028-02-05,0.00828,0.00411
2026-02-06,3M,2026-05-06,0.01029,0.00276
2026-02-06,6M,2026-08-06,0.00981,0.00331
2026-02-06,1Y,2027-02-06,0.00729,0.00336
2026-02-06,2Y,2028-02-06,0.00811,0.00399
2026-02-09,3M,2026-05-09,0.01203,0.0027
2026-02-09,6M,2026-08-09,0.00978,0.00336
2026-02-09,1Y,2027-02-09,0.0073,0.00343
2026-02-09,2Y,2028-02-09,0.00814,0.00406
2026-02-10,3M,2026-05-10,0.01243,0.00309
2026-02-10,6M,2026-08-10,0.00982,0.00339
2026-02-10,1Y,2027-02-10,0.00734,0.00347
2026-02-10,2Y,2028-02-10,0.00819,0.0041
2026-02-11,3M,2026-05-11,0.01294,0.00315
2026-02-11,6M,2026-08-11,0.00987,0.00338
2026-02-11,1Y,2027-02-11,0.00743,0.00352
2026-02-11,2Y,2028-02-11,0.00834,0.00412
2026-02-12,3M,2026-05-12,0.01305,0.00335
2026-02-12,6M,2026-08-12,0.00979,0.00332
2026-02-12,1Y,2027-02-12,0.00756,0.00345
2026-02-12,2Y,2028-02-12,0.00835,0.00411
2026-02-13,3M,2026-05-13,0.01234,0.00333
2026-02-13,6M,2026-08-13,0.00945,0.00338
2026-02-13,1Y,2027-02-13,0.0074,0.00348
2026-02-13,2Y,2028-02-13,0.00818,0.00403
2026-02-16,3M,2026-05-16,0.01234,0.00311
2026-02-16,6M,2026-08-16,0.00939,0.00332
2026-02-16,1Y,2027-02-16,0.00739,0.00346
2026-02-16,2Y,2028-02-16,0.00821,0.00405
2026-02-17,3M,2026-05-17,0.01214,0.00304
2026-02-17,6M,2026-08-17,0.00932,0.00332
2026-02-17,1Y,2027-02-17,0.00734,0.00345
2026-02-17,2Y,2028-02-17,0.00816,0.00404
2026-02-18,3M,2026-05-18,0.01306,0.00305
2026-02-18,6M,2026-08-18,0.00924,0.00332
2026-02-18,1Y,2027-02-18,0.00735,0.00351
2026-02-18,2Y,2028-02-18,0.00817,0.0041
2026-02-19,3M,2026-05-19,0.01303,0.00293
2026-02-19,6M,2026-08-19,0.00928,0.0033
2026-02-19,1Y,2027-02-19,0.00733,0.00343
2026-02-19,2Y,2028-02-19,0.00815,0.00405
2026-02-20,3M,2026-05-20,0.01276,0.00288
2026-02-20,6M,2026-08-20,0.00918,0.00332
2026-02-20,1Y,2027-02-20,0.00728,0.00345
2026-02-20,2Y,2028-02-20,0.00812,0.00407
2026-02-23,3M,2026-05-23,0.01316,0.00323
2026-02-23,6M,2026-08-23,0.00922,0.00333
2026-02-23,1Y,2027-02-23,0.00734,0.0035
2026-02-23,2Y,2028-02-23,0.00817,0.0041
2026-02-24,3M,2026-05-24,0.01345,0.00321
2026-02-24,6M,2026-08-24,0.00938,0.00333
2026-02-24,1Y,2027-02-24,0.00738,0.00345
2026-02-24,2Y,2028-02-24,0.00819,0.00408
2026-02-25,3M,2026-05-25,0.01337,0.00315
2026-02-25,6M,2026-08-25,0.00933,0.00334
2026-02-25,1Y,2027-02-25,0.00738,0.00348
2026-02-25,2Y,2028-02-25,0.00818,0.00409
2026-02-26,3M,2026-05-26,0.01352,0.00312
2026-02-26,6M,2026-08-26,0.00919,0.00319
2026-02-26,1Y,2027-02-26,0.00733,0.00343
2026-02-26,2Y,2028-02-26,0.00817,0.00407
2026-02-27,3M,2026-05-27,0.01351,0.00314
2026-02-27,6M,2026-08-27,0.00917,0.00318
2026-02-27,1Y,2027-02-27,0.00733,0.00343
2026-02-27,2Y,2028-02-27,0.00818,0.00408
2026-03-02,3M,2026-06-02,0.0133,0.00267
2026-03-02,6M,2026-09-02,0.00923,0.00316
2026-03-02,1Y,2027-03-02,0.00729,0.00326
2026-03-02,2Y,2028-03-02,0.00817,0.00396
2026-03-03,3M,2026-06-03,0.01363,0.00261
2026-03-03,6M,2026-09-03,0.00948,0.0032
2026-03-03,1Y,2027-03-03,0.00712,0.00294
2026-03-03,2Y,2028-03-03,0.00816,0.00379
2026-03-04,3M,2026-06-04,0.01339,0.00255
2026-03-04,6M,2026-09-04,0.00903,0.00285
2026-03-04,1Y,2027-03-04,0.00729,0.00318
2026-03-04,2Y,2028-03-04,0.00807,0.00377
2026-03-05,3M,2026-06-05,0.01352,0.00251
2026-03-05,6M,2026-09-05,0.0092,0.00293
2026-03-05,1Y,2027-03-05,0.00733,0.00315
2026-03-05,2Y,2028-03-05,0.00812,0.00376
2026-03-06,3M,2026-06-06,0.01301,0.00188
2026-03-06,6M,2026-09-06,0.00876,0.00241
2026-03-06,1Y,2027-03-06,0.00706,0.00284
2026-03-06,2Y,2028-03-06,0.00797,0.00357
2026-03-09,3M,2026-06-09,0.01309,0.00174
2026-03-09,6M,2026-09-09,0.0088,0.0024
2026-03-09,1Y,2027-03-09,0.00692,0.00268
2026-03-09,2Y,2028-03-09,0.00783,0.00345
2026-03-10,3M,2026-06-10,0.01274,0.00183
2026-03-10,6M,2026-09-10,0.00851,0.00236
2026-03-10,1Y,2027-03-10,0.00713,0.00303
2026-03-10,2Y,2028-03-10,0.00784,0.00358
2026-03-11,3M,2026-06-11,0.01258,0.00159
2026-03-11,6M,2026-09-11,0.00854,0.00234
2026-03-11,1Y,2027-03-11,0.00713,0.00301
2026-03-11,2Y,2028-03-11,0.00776,0.00347
2026-03-12,3M,2026-06-12,0.01233,0.00125
2026-03-12,6M,2026-09-12,0.00858,0.00233
2026-03-12,1Y,2027-03-12,0.00695,0.0028
2026-03-12,2Y,2028-03-12,0.00767,0.00336
2026-03-13,3M,2026-06-13,0.01261,0.00147
2026-03-13,6M,2026-09-13,0.00864,0.00236
2026-03-13,1Y,2027-03-13,0.00695,0.00277
2026-03-13,2Y,2028-03-13,0.00767,0.00334
2026-03-16,3M,2026-06-16,0.01286,0.00178
2026-03-16,6M,2026-09-16,0.00861,0.00236
2026-03-16,1Y,2027-03-16,0.00685,0.0027
2026-03-16,2Y,2028-03-16,0.00756,0.00325
2026-03-17,3M,2026-06-17,0.01177,0.00075
2026-03-17,6M,2026-09-17,0.00782,0.0016
2026-03-17,1Y,2027-03-17,0.00668,0.00254
2026-03-17,2Y,2028-03-17,0.00734,0.00304
2026-03-18,3M,2026-06-18,0.01188,0.0008
2026-03-18,6M,2026-09-18,0.00786,0.00161
2026-03-18,1Y,2027-03-18,0.00651,0.00235
2026-03-18,2Y,2028-03-18,0.00734,0.00301
2026-03-19,3M,2026-06-19,0.01201,0.00048
2026-03-19,6M,2026-09-19,0.00791,0.00151
2026-03-19,1Y,2027-03-19,0.00637,0.00212
2026-03-19,2Y,2028-03-19,0.00725,0.00286
2026-03-20,3M,2026-06-20,0.01064,-0.00125
2026-03-20,6M,2026-09-20,0.00739,0.00081
2026-03-20,1Y,2027-03-20,0.00629,0.00192
2026-03-20,2Y,2028-03-20,0.00737,0.00285
2026-03-23,3M,2026-06-23,0.01189,0.00022
2026-03-23,6M,2026-09-23,0.00692,0.00042
2026-03-23,1Y,2027-03-23,0.00621,0.0019
2026-03-23,2Y,2028-03-23,0.0074,0.00295
2026-03-24,3M,2026-06-24,0.01097,-0.00069
2026-03-24,6M,2026-09-24,0.00708,0.00059
2026-03-24,1Y,2027-03-24,0.00601,0.00167
2026-03-24,2Y,2028-03-24,0.00739,0.00293
2026-03-25,3M,2026-06-25,0.00954,-0.00148
2026-03-25,6M,2026-09-25,0.00677,0.0006
2026-03-25,1Y,2027-03-25,0.00584,0.00168
2026-03-25,2Y,2028-03-25,0.00724,0.00288
2026-03-26,3M,2026-06-26,0.01006,-0.00112
2026-03-26,6M,2026-09-26,0.00693,0.00067
2026-03-26,1Y,2027-03-26,0.00583,0.00159
2026-03-26,2Y,2028-03-26,0.00732,0.0029
2026-03-27,3M,2026-06-27,0.00917,-0.00214
2026-03-27,6M,2026-09-27,0.00637,4e-05
2026-03-27,1Y,2027-03-27,0.00572,0.00144
2026-03-27,2Y,2028-03-27,0.00733,0.00287
2026-03-30,3M,2026-06-30,0.01004,-0.00146
2026-03-30,6M,2026-09-30,0.00674,0.0001
2026-03-30,1Y,2027-03-30,0.00596,0.0017
2026-03-30,2Y,2028-03-30,0.00748,0.00305
2026-03-31,3M,2026-06-30,0.01057,-0.00074
2026-03-31,6M,2026-09-30,0.00665,0.00014
2026-03-31,1Y,2027-03-31,0.00625,0.00202
2026-03-31,2Y,2028-03-31,0.00768,0.00327
2026-04-01,3M,2026-07-01,0.01005,-0.00093
2026-04-01,6M,2026-10-01,0.00653,0.0002
2026-04-01,1Y,2027-04-01,0.00616,0.00205
2026-04-01,2Y,2028-04-01,0.00762,0.0033
2026-04-02,3M,2026-07-02,0.00983,-0.00123
2026-04-02,6M,2026-10-02,0.00655,0.00018
2026-04-02,1Y,2027-04-02,0.00594,0.0018
2026-04-02,2Y,2028-04-02,0.00754,0.0032
2026-04-07,3M,2026-07-07,0.01086,-0.00065
2026-04-07,6M,2026-10-07,0.00688,0.00043
2026-04-07,1Y,2027-04-07,0.00639,0.0022
2026-04-07,2Y,2028-04-07,0.00765,0.00325
2026-04-08,3M,2026-07-08,0.01053,0.0
2026-04-08,6M,2026-10-08,0.00715,0.0011
2026-04-08,1Y,2027-04-08,0.00668,0.00268
2026-04-08,2Y,2028-04-08,0.00759,0.00341
2026-04-09,3M,2026-07-09,0.01091,0.00034
2026-04-09,6M,2026-10-09,0.00724,0.00117
2026-04-09,1Y,2027-04-09,0.00666,0.00263
2026-04-09,2Y,2028-04-09,0.00757,0.00338
2026-04-10,3M,2026-07-10,0.01057,0.00014
2026-04-10,6M,2026-10-10,0.0072,0.00121
2026-04-10,1Y,2027-04-10,0.00669,0.0027
2026-04-10,2Y,2028-04-10,0.00765,0.00343
2026-04-13,3M,2026-07-13,0.00994,-0.00052
2026-04-13,6M,2026-10-13,0.00676,0.00074
2026-04-13,1Y,2027-04-13,0.00656,0.00256
2026-04-13,2Y,2028-04-13,0.00762,0.00338
2026-04-14,3M,2026-07-14,0.01003,-0.00026
2026-04-14,6M,2026-10-14,0.00678,0.00081
2026-04-14,1Y,2027-04-14,0.0067,0.00275
2026-04-14,2Y,2028-04-14,0.00773,0.00354
2026-04-15,3M,2026-07-15,0.01056,0.00049
2026-04-15,6M,2026-10-15,0.00705,0.00118
2026-04-15,1Y,2027-04-15,0.00658,0.00267
2026-04-15,2Y,2028-04-15,0.00778,0.00359
2026-04-16,3M,2026-07-16,0.01025,0.00047
2026-04-16,6M,2026-10-16,0.00718,0.00145
2026-04-16,1Y,2027-04-16,0.00665,0.00274
2026-04-16,2Y,2028-04-16,0.00779,0.00364
2026-04-17,3M,2026-07-17,0.00944,0.00026
2026-04-17,6M,2026-10-17,0.00683,0.00141
2026-04-17,1Y,2027-04-17,0.00646,0.00273
2026-04-17,2Y,2028-04-17,0.00754,0.00351
2026-04-20,3M,2026-07-20,0.00935,0.00016
2026-04-20,6M,2026-10-20,0.00663,0.00132
2026-04-20,1Y,2027-04-20,0.00672,0.00276
2026-04-20,2Y,2028-04-20,0.00766,0.00353
2026-04-21,3M,2026-07-21,0.00927,0.00064
2026-04-21,6M,2026-10-21,0.00663,0.0016
2026-04-21,1Y,2027-04-21,0.00669,0.00285
2026-04-21,2Y,2028-04-21,0.00765,0.00357
2026-04-22,3M,2026-07-22,0.00941,0.00067
2026-04-22,6M,2026-10-22,0.00702,0.00197
2026-04-22,1Y,2027-04-22,0.00659,0.00269
2026-04-22,2Y,2028-04-22,0.00756,0.00346
2026-04-23,3M,2026-07-23,0.00931,0.00069
2026-04-23,6M,2026-10-23,0.00664,0.00165
2026-04-23,1Y,2027-04-23,0.00637,0.00249
2026-04-23,2Y,2028-04-23,0.00746,0.00336
2026-04-24,3M,2026-07-24,0.0092,0.00071
2026-04-24,6M,2026-10-24,0.00652,0.00158
2026-04-24,1Y,2027-04-24,0.00617,0.00232
2026-04-24,2Y,2028-04-24,0.00748,0.00331
