bbg_name,isin,ric,region,country,type,status,error_code,error_message,n_strikes,n_expiries,min_expiry_days,max_expiry_days,min_strike_pct,max_strike_pct,atm_vol_30d,atm_vol_90d,atm_vol_365d
ACWI US,US4642882579,ACWI.O@RIC,Americas,US,US ETF,OK,,,19.0,5.0,9.0,254.0,77.7,233.1,51.29435291153253,40.44031392574912,
ARKG US,US00214Q3020,ARKG.K@RIC,Americas,US,US ETF,OK,,,19.0,8.0,9.0,625.0,15.53,46.59,,,
ARKK US,US00214Q1040,ARKK.K@RIC,Americas,US,US ETF,OK,,,19.0,8.0,9.0,625.0,39.79,119.37,30.126141171134318,32.73115794670384,35.948570992228476
COPX US,US37954Y8306,COPX.K@RIC,Americas,US,US ETF,OK,,,19.0,7.0,9.0,625.0,41.785,125.35499999999999,59.193017829245335,53.29411236171811,52.84035524856901
DAXEX GR,DE0005933931,DAXEX.DE@RIC,EMEA,GR,Single name,OTHER,,"Bad request: code=FinancialContract-API.PricingError Market data: The service failed to gather enough options to build the DAXEX.DE@RIC volatility surface at 2026-05-06, or the underlying RIC is unknown.",,,,,,,,,
DBA US,US46140H1068,DBA@RIC,Americas,US,US ETF,OK,,,19.0,4.0,9.0,163.0,14.029999999999998,42.09,,,
DIA US,US78467X1090,DIA@RIC,Americas,US,US ETF,OK,,,19.0,15.0,9.0,954.0,249.525,748.575,,,
EEM US,US4642872349,EEM@RIC,Americas,US,US ETF,OK,,,19.0,15.0,9.0,625.0,33.745,101.23500000000001,30.262530653612096,25.229569999945916,23.422076886056388
EFA US,US4642874659,EFA@RIC,Americas,US,US ETF,OK,,,19.0,13.0,9.0,625.0,52.405,157.215,24.203945994904426,20.855744682979427,18.87435290762168
EWG US,US4642868065,EWG@RIC,Americas,US,US ETF,OK,,,19.0,8.0,9.0,625.0,21.735,65.205,,,
EWJ US,US46434G8226,EWJ@RIC,Americas,US,US ETF,OK,,,19.0,6.0,9.0,625.0,45.84,137.52,24.31754359363153,24.54883427583387,23.50599815859492
EWP US,US4642867646,EWP@RIC,Americas,US,US ETF,OK,,,19.0,4.0,9.0,163.0,28.83,86.49,,,
EWQ US,US4642867075,EWQ@RIC,Americas,US,US ETF,OK,,,19.0,4.0,9.0,226.0,23.36,70.08,,,
EWU US,US46435G3341,EWU@RIC,Americas,US,US ETF,OK,,,19.0,4.0,9.0,163.0,23.72,71.16,,,
EWW US,US4642868222,EWW@RIC,Americas,US,US ETF,OK,,,19.0,6.0,9.0,625.0,39.76,119.28,30.05859825044793,28.013212591241366,25.84276606586027
EWZ US,US4642864007,EWZ@RIC,Americas,US,US ETF,OK,,,19.0,17.0,9.0,625.0,19.95,59.85,,,
FEZ US,US78463X2027,FEZ@RIC,Americas,US,US ETF,OK,,,19.0,6.0,9.0,625.0,33.985,101.955,17.515753567864646,17.478953131747797,17.625365350325385
FXI US,US4642871846,FXI@RIC,Americas,US,US ETF,OK,,,19.0,18.0,9.0,625.0,18.745,56.235,,,
GDXJ US,US92189F7915,GDXJ.K@RIC,Americas,US,US ETF,OK,,,19.0,8.0,9.0,625.0,61.375,184.125,58.05669289978526,51.68181960966133,49.08787686861362
GDX US,US92189F1066,GDX@RIC,Americas,US,US ETF,OK,,,19.0,13.0,9.0,625.0,46.22,138.66,45.873680826147684,45.49475403702776,43.47901702976699
GLD US,US78463V1070,GLD@RIC,Americas,US,US ETF,OK,,,19.0,18.0,9.0,954.0,215.48,646.44,,,
IAK US,US4642887867,IAK@RIC,Americas,US,US ETF,OK,,,19.0,4.0,9.0,226.0,65.61,196.83,50.10367826135991,38.87085208172354,
IBIT US,US46438F1012,IBIT.OQ,Americas,US,US ETF,OTHER,,"Bad request: code=FinancialContract-API.PricingError Market data: The service failed to gather enough options to build the IBIT.OQ@RIC volatility surface at 2026-05-06, or the underlying RIC is unknown.",,,,,,,,,
IGV US,US4642875151,IGV@RIC,Americas,US,US ETF,OK,,,19.0,11.0,9.0,954.0,43.91,131.73,37.22219745238719,33.95196661496667,33.995972022196504
ILF US,US4642873909,ILF@RIC,Americas,US,US ETF,OK,,,19.0,4.0,9.0,226.0,18.48,55.44,,,
IWD US,US4642875987,IWD@RIC,Americas,US,US ETF,OK,,,19.0,4.0,107.0,625.0,117.24,351.72,,,
IWF US,US4642876142,IWF@RIC,Americas,US,US ETF,OK,,,19.0,5.0,9.0,226.0,61.22,183.66,42.72606598655523,34.21239925447214,
IWM US,US4642876555,IWM@RIC,Americas,US,US ETF,OK,,,19.0,20.0,9.0,954.0,143.4,430.19999999999993,,,
IWN US,US4642876308,IWN@RIC,Americas,US,US ETF,OK,,,19.0,2.0,107.0,198.0,106.37999999999998,319.14,,,
IYR US,US4642877397,IYR@RIC,Americas,US,US ETF,OK,,,19.0,12.0,9.0,625.0,51.64,154.92,19.197749673865964,17.640797858897265,19.18812802649288
JETS US,US26922A8421,JETS.K@RIC,Americas,US,US ETF,OK,,,19.0,6.0,9.0,625.0,13.62,40.86,,,
KRE US,US78464A6982,KRE@RIC,Americas,US,US ETF,OK,,,19.0,18.0,9.0,954.0,35.355,106.06499999999998,32.07951157514712,26.582246170638992,26.00649397604278
KWEB US,US5007673065,KWEB.K@RIC,Americas,US,US ETF,OK,,,19.0,10.0,9.0,625.0,14.88,44.64,,,
MDY US,US78467Y1073,MDY@RIC,Americas,US,US ETF,OK,,,19.0,6.0,43.0,590.0,340.45,1021.35,,,
QQQ US,US46090E1038,QQQ.O@RIC,Americas,US,US ETF,OK,,,19.0,19.0,9.0,954.0,347.885,1043.655,,,
RSP US,US46137V3574,RSP@RIC,Americas,US,US ETF,OK,,,19.0,6.0,9.0,625.0,102.42499999999998,307.275,,,
SLV US,US46428Q1094,SLV@RIC,Americas,US,US ETF,OK,,,19.0,18.0,9.0,954.0,35.065,105.195,78.49471661584985,60.33337401679924,51.97081137869663
SMH US,US92189F6768,SMH.O@RIC,Americas,US,US ETF,OK,,,19.0,16.0,9.0,954.0,274.88,824.64,,,
SOXX US,US4642875235,SOXX.O@RIC,Americas,US,US ETF,OK,,,19.0,13.0,9.0,954.0,253.435,760.305,,,
SPY US,US78462F1030,SPY@RIC,Americas,US,US ETF,OK,,,19.0,18.0,9.0,954.0,366.915,1100.745,,,
TLT US,US4642874329,TLT.O@RIC,Americas,US,US ETF,OK,,,19.0,19.0,9.0,625.0,43.04,129.12,22.71131219766196,16.453538284759432,13.59668289680182
TUR US,US4642867158,TUR.O@RIC,Americas,US,US ETF,OK,,,19.0,4.0,9.0,198.0,21.785,65.355,,,
UNG US,US9123184098,UNG@RIC,Americas,US,US ETF,OK,,,19.0,6.0,9.0,625.0,5.225,15.675,,,
USO US,US91232N2071,USO@RIC,Americas,US,US ETF,OK,,,19.0,14.0,9.0,954.0,66.975,200.925,76.15024572707058,64.57161941409309,47.59399637438604
XBI US,US78464A8707,XBI@RIC,Americas,US,US ETF,OK,,,19.0,9.0,9.0,625.0,68.84,206.51999999999998,47.54245956855554,37.20075033900052,34.56137653614943
XHB US,US78464A8889,XHB@RIC,Americas,US,US ETF,OK,,,19.0,7.0,9.0,625.0,52.87500000000001,158.625,36.29770702116539,33.74507846973366,32.519222167987664
XLB US,US81369Y1001,XLB@RIC,Americas,US,US ETF,OK,,,19.0,7.0,9.0,625.0,26.205000000000002,78.615,,,
XLC US,US81369Y8527,XLC@RIC,Americas,US,US ETF,OK,,,19.0,6.0,9.0,625.0,58.675,176.025,35.416923433930926,28.414953826020422,24.214122711206272
XLE US,US81369Y5069,XLE@RIC,Americas,US,US ETF,OK,,,19.0,17.0,9.0,954.0,28.499999999999996,85.5,,,
XLF US,US81369Y6059,XLF@RIC,Americas,US,US ETF,OK,,,19.0,17.0,9.0,954.0,25.920000000000005,77.76,,,
XLI US,US81369Y7040,XLI@RIC,Americas,US,US ETF,OK,,,19.0,8.0,9.0,625.0,88.435,265.305,139.72243560837288,84.02157598070161,48.29586143307102
XLK US,US81369Y8030,XLK@RIC,Americas,US,US ETF,OK,,,19.0,11.0,9.0,625.0,85.015,255.04499999999996,80.37163026946233,55.57925351239458,41.74942125133803
XLP US,US81369Y3080,XLP@RIC,Americas,US,US ETF,OK,,,19.0,9.0,9.0,625.0,42.12,126.36,36.76616510734591,23.10601059846241,18.892061113743086
XLRE US,US81369Y8600,XLRE.K@RIC,Americas,US,US ETF,OK,,,19.0,5.0,9.0,254.0,22.37,67.11,,,
XLU US,US81369Y8865,XLU@RIC,Americas,US,US ETF,OK,,,19.0,10.0,9.0,625.0,22.855,68.565,,,
XLV US,US81369Y2090,XLV@RIC,Americas,US,US ETF,OK,,,19.0,7.0,9.0,625.0,72.7,218.1,52.146353256764556,35.091055135922794,26.27783229122501
XLY US,US81369Y4070,XLY@RIC,Americas,US,US ETF,OK,,,19.0,9.0,9.0,625.0,59.935,179.805,40.85620737356413,34.24661208522796,29.619968204257876
XOP US,US78468R5569,XOP@RIC,Americas,US,US ETF,OK,,,19.0,9.0,9.0,954.0,84.665,253.995,68.03908377768684,51.06206888723599,39.05961238457634
AS51 AU,AU000000XJO6,.AXJO@RIC,APAC,AU,Single name,OK,,,19.0,10.0,15.0,498.0,4396.8,13190.4,,,
AAPL US,US0378331005,AAPL.OQ,Americas,US,Single name,OTHER,,"Bad request: code=FinancialContract-API.PricingError Market data: The service failed to gather enough options to build the AAPL.OQ@RIC volatility surface at 2026-05-06, or the underlying RIC is unknown.",,,,,,,,,
ABBV US,US00287Y1091,ABBV.OQ,Americas,US,Single name,OTHER,,"Bad request: code=FinancialContract-API.PricingError Market data: The service failed to gather enough options to build the ABBV.OQ@RIC volatility surface at 2026-05-06, or the underlying RIC is unknown.",,,,,,,,,
ABNB US,US0090661010,ABNB.OQ,Americas,US,Single name,OTHER,,"Bad request: code=FinancialContract-API.PricingError Market data: The service failed to gather enough options to build the ABNB.OQ@RIC volatility surface at 2026-05-06, or the underlying RIC is unknown.",,,,,,,,,
ACN US,IE00B4BNMY34,ACN@RIC,Americas,US,Single name,OK,,,19.0,9.0,9.0,625.0,87.285,261.855,107.67956008535981,63.99235295039279,50.99956429065705
ADBE US,US00724F1012,ADBE.OQ,Americas,US,Single name,OTHER,,"Bad request: code=FinancialContract-API.PricingError Market data: The service failed to gather enough options to build the ADBE.OQ@RIC volatility surface at 2026-05-06, or the underlying RIC is unknown.",,,,,,,,,
ADP US,US0530151036,ADP.OQ,Americas,US,Single name,OTHER,,"Bad request: code=FinancialContract-API.PricingError Market data: The service failed to gather enough options to build the ADP.OQ@RIC volatility surface at 2026-05-06, or the underlying RIC is unknown.",,,,,,,,,
AMD US,US0079031078,AMD.OQ,Americas,US,Single name,OTHER,,"Bad request: code=FinancialContract-API.PricingError Market data: The service failed to gather enough options to build the AMD.OQ@RIC volatility surface at 2026-05-06, or the underlying RIC is unknown.",,,,,,,,,
ADI US,US0326541051,ADI.OQ,Americas,US,Single name,OTHER,,"Bad request: code=FinancialContract-API.PricingError Market data: The service failed to gather enough options to build the ADI.OQ@RIC volatility surface at 2026-05-06, or the underlying RIC is unknown.",,,,,,,,,
ADS.DE DE,DE000A1EWWW0,ADSGn.DE,EMEA,DE,Single name,OK,,,19.0,12.0,9.0,1689.0,74.125,222.375,63.063704972425064,46.1642331834407,37.22554251085474
AEP US,US0255371017,AEP.OQ,Americas,US,Single name,OTHER,,"Bad request: code=FinancialContract-API.PricingError Market data: The service failed to gather enough options to build the AEP.OQ@RIC volatility surface at 2026-05-06, or the underlying RIC is unknown.",,,,,,,,,
AIG US,US0268747849,AIG@RIC,Americas,US,Single name,OK,,,19.0,11.0,9.0,625.0,38.845,116.53499999999998,48.991027798472075,29.6011546886928,26.955638559349826
ALL US,US0200021014,ALL@RIC,Americas,US,Single name,OK,,,19.0,8.0,9.0,317.0,108.96,326.88,,,
ALV.DE DE,DE0008404005,ALV.DE@RIC,EMEA,DE,Single name,OTHER,,"Bad request: code=FinancialContract-API.PricingError Market data: The service failed to gather enough options to build the ALV.DE@RIC volatility surface at 2026-05-06, or the underlying RIC is unknown.",,,,,,,,,
AMGN US,US0311621009,AMGN.OQ,Americas,US,Single name,OTHER,,"Bad request: code=FinancialContract-API.PricingError Market data: The service failed to gather enough options to build the AMGN.OQ@RIC volatility surface at 2026-05-06, or the underlying RIC is unknown.",,,,,,,,,
AMT US,US03027X1000,AMT@RIC,Americas,US,Single name,OK,,,19.0,9.0,9.0,625.0,90.08,270.24,129.05281230735935,57.78496048406753,37.307581749065285
AMZN US,US0231351067,AMZN.OQ,Americas,US,Single name,OTHER,,"Bad request: code=FinancialContract-API.PricingError Market data: The service failed to gather enough options to build the AMZN.OQ@RIC volatility surface at 2026-05-06, or the underlying RIC is unknown.",,,,,,,,,
ANTM US,US0367521038,ELV.N,Americas,US,Single name,OTHER,,"Bad request: code=FinancialContract-API.PricingError Market data: The service failed to gather enough options to build the ELV.N@RIC volatility surface at 2026-05-06, or the underlying RIC is unknown.",,,,,,,,,
ASML NA,NL0010273215,ASML.AS@RIC,EMEA,NA,Single name,OK,,,19.0,12.0,9.0,1689.0,652.5,1957.5,,,
ATVI US,US00507V1098,ATVI.OQ^J23,Americas,US,Single name,OTHER,,"Bad request: code=FinancialContract-API.PricingError Market data: The service failed to gather enough options to build the ATVI.OQ^J23@RIC volatility surface at 2026-05-06, or the underlying RIC is unknown.",,,,,,,,,
AVGO US,US11135F1012,AVGO.OQ,Americas,US,Single name,OTHER,,"Bad request: code=FinancialContract-API.PricingError Market data: The service failed to gather enough options to build the AVGO.OQ@RIC volatility surface at 2026-05-06, or the underlying RIC is unknown.",,,,,,,,,
AXP US,US0258161092,AXP@RIC,Americas,US,Single name,OK,,,19.0,14.0,9.0,954.0,160.95,482.85,,,
BA US,US0970231058,BA@RIC,Americas,US,Single name,OK,,,19.0,12.0,9.0,625.0,114.965,344.895,,,
BABA US,US01609W1027,BABA.N,Americas,US,Single name,OTHER,,"Bad request: code=FinancialContract-API.PricingError Market data: The service failed to gather enough options to build the BABA.N@RIC volatility surface at 2026-05-06, or the underlying RIC is unknown.",,,,,,,,,
BAC US,US0605051046,BAC@RIC,Americas,US,Single name,OK,,,19.0,16.0,9.0,954.0,26.8,80.4,,,
BAX US,US0718131099,BAX@RIC,Americas,US,Single name,OK,,,19.0,9.0,9.0,625.0,8.49,25.47,,,
BBVA SM,ES0113211835,BBVA.MC@RIC,EMEA,SM,Single name,OK,,,19.0,15.0,9.0,1689.0,9.4375,28.3125,,,
BHP AU,AU000000BHP4,BHP.AX@RIC,APAC,AU,Single name,OK,,,19.0,14.0,15.0,960.0,28.194999999999997,84.585,,,
BIIB US,US09062X1037,BIIB.OQ,Americas,US,Single name,OTHER,,"Bad request: code=FinancialContract-API.PricingError Market data: The service failed to gather enough options to build the BIIB.OQ@RIC volatility surface at 2026-05-06, or the underlying RIC is unknown.",,,,,,,,,
BK US,US0640581007,BK@RIC,Americas,US,Single name,OK,,,19.0,6.0,43.0,625.0,66.82,200.45999999999998,,40.087944996635436,35.897198045908844
BKNG US,US09857L1089,BKNG.OQ,Americas,US,Single name,OTHER,,"Bad request: code=FinancialContract-API.PricingError Market data: The service failed to gather enough options to build the BKNG.OQ@RIC volatility surface at 2026-05-06, or the underlying RIC is unknown.",,,,,,,,,
BLK US,US09247X1019,BLK@RIC,Americas,US,Single name,OK,,,19.0,11.0,9.0,954.0,536.785,1610.3549999999998,,,
BMY US,US1101221083,BMY@RIC,Americas,US,Single name,OK,,,19.0,11.0,9.0,954.0,28.295,84.885,,,
BND US,US9219378356,BND.O@RIC,Americas,US,US ETF,OK,,,19.0,4.0,9.0,226.0,36.775,110.325,51.99246347931536,27.416382782844785,
BRBY LN,GB0006043172,BRBY.L@RIC,EMEA,LN,Single name,OTHER,,"Bad request: code=FinancialContract-API.PricingError The service failed to build the volatility surface. (Additional technical information: Volatility Surface Dynamic Filtering Error. Neither Mid, nor any other prices are available.)",,,,,,,,,
BRK/B US,US0846701086,BRKb.N,Americas,US,Single name,OTHER,,"Bad request: code=FinancialContract-API.PricingError Market data: The service failed to gather enough options to build the BRKb.N@RIC volatility surface at 2026-05-06, or the underlying RIC is unknown.",,,,,,,,,
C US,US1729674242,C@RIC,Americas,US,Single name,OK,,,19.0,14.0,9.0,954.0,63.800000000000004,191.4,45.853648317166815,38.622435946843886,36.742155927758425
CAT US,US1491231015,CAT@RIC,Americas,US,Single name,OK,,,19.0,12.0,9.0,625.0,463.465,1390.395,,,
CB US,US1713401024,CB@RIC,Americas,US,Single name,OK,,,19.0,10.0,9.0,625.0,160.95,482.85,,,
CHTR US,US16119P1084,CHTR.OQ,Americas,US,Single name,OTHER,,"Bad request: code=FinancialContract-API.PricingError Market data: The service failed to gather enough options to build the CHTR.OQ@RIC volatility surface at 2026-05-06, or the underlying RIC is unknown.",,,,,,,,,
CL US,US1941621039,CL@RIC,Americas,US,Single name,OK,,,19.0,9.0,9.0,625.0,44.08,132.24,34.53084986710218,24.905999698346967,24.046060726662468
CME US,US12572Q1058,CME.OQ,Americas,US,Single name,OTHER,,"Bad request: code=FinancialContract-API.PricingError Market data: The service failed to gather enough options to build the CME.OQ@RIC volatility surface at 2026-05-06, or the underlying RIC is unknown.",,,,,,,,,
COIN US,US19260Q1076,COIN.OQ,Americas,US,Single name,OTHER,,"Bad request: code=FinancialContract-API.PricingError Market data: The service failed to gather enough options to build the COIN.OQ@RIC volatility surface at 2026-05-06, or the underlying RIC is unknown.",,,,,,,,,
COP US,US20825C1045,COP@RIC,Americas,US,Single name,OK,,,19.0,13.0,9.0,954.0,59.45,178.35,41.70861309222692,35.75044042986756,34.85039836956216
COST US,US22160K1051,COST.OQ,Americas,US,Single name,OTHER,,"Bad request: code=FinancialContract-API.PricingError Market data: The service failed to gather enough options to build the COST.OQ@RIC volatility surface at 2026-05-06, or the underlying RIC is unknown.",,,,,,,,,
CRM US,US79466L3024,CRM@RIC,Americas,US,Single name,OK,,,19.0,13.0,9.0,625.0,90.595,271.785,95.09051677564355,62.3793434182084,50.916634433716744
CSCO US,US17275R1023,CSCO.OQ,Americas,US,Single name,OTHER,,"Bad request: code=FinancialContract-API.PricingError Market data: The service failed to gather enough options to build the CSCO.OQ@RIC volatility surface at 2026-05-06, or the underlying RIC is unknown.",,,,,,,,,
CSX US,US1264081035,CSX.OQ,Americas,US,Single name,OTHER,,"Bad request: code=FinancialContract-API.PricingError Market data: The service failed to gather enough options to build the CSX.OQ@RIC volatility surface at 2026-05-06, or the underlying RIC is unknown.",,,,,,,,,
CVS US,US1266501006,CVS@RIC,Americas,US,Single name,OK,,,19.0,10.0,9.0,625.0,43.43,130.29,33.20377102824657,28.598979834088283,30.55972062625114
CVX US,US1667641005,CVX@RIC,Americas,US,Single name,OK,,,19.0,10.0,9.0,954.0,92.58,277.74,97.48137005718394,57.14780907549721,38.36713084576883
DIDI US,US2538681030,DIDI.PK,Americas,US,Single name,OTHER,,"Bad request: code=FinancialContract-API.PricingError Market data: The service failed to gather enough options to build the DIDI.PK@RIC volatility surface at 2026-05-06, or the underlying RIC is unknown.",,,,,,,,,
DIS US,US2546871060,DIS@RIC,Americas,US,Single name,OK,,,19.0,13.0,9.0,625.0,54.03,162.09,29.51055344618315,29.110109229386794,30.827760807128193
DISH US,US25470M1099,DISH.N@RIC,Americas,US,Single name,OTHER,,"Bad request: code=FinancialContract-API.PricingError Market data: The service failed to gather enough options to build the DISH@RIC volatility surface at 2026-05-06, or the underlying RIC is unknown.",,,,,,,,,
DOW US,US2605661048,DOW@RIC,Americas,US,Single name,OK,,,19.0,8.0,9.0,625.0,19.25,57.75,,,
EA US,US2855121099,EA.OQ,Americas,US,Single name,OTHER,,"Bad request: code=FinancialContract-API.PricingError Market data: The service failed to gather enough options to build the EA.OQ@RIC volatility surface at 2026-05-06, or the underlying RIC is unknown.",,,,,,,,,
EBAY US,US2786421030,EBAY.OQ,Americas,US,Single name,OTHER,,"Bad request: code=FinancialContract-API.PricingError Market data: The service failed to gather enough options to build the EBAY.OQ@RIC volatility surface at 2026-05-06, or the underlying RIC is unknown.",,,,,,,,,
ENB CN,CA29250N1054,ENB.TO,Americas,CN,Single name,OK,,,19.0,10.0,9.0,625.0,37.005,111.015,43.73218014302935,24.98679602823273,19.93114247801238
EOFEQNR NO,NO0010096985,EQNR.OL,EMEA,NO,Single name,OK,,,19.0,8.0,9.0,590.0,174.95,524.85,,,
EQUITY US,US29476L1070,EQUITY.N@RIC,Americas,US,Single name,OTHER,,"Bad request: code=FinancialContract-API.PricingError Market data: The service failed to gather enough options to build the EQUITY@RIC volatility surface at 2026-05-06, or the underlying RIC is unknown.",,,,,,,,,
ESGIE US,US46436N1097,ESGE.OQ,Americas,US,US ETF,OTHER,,"Bad request: code=FinancialContract-API.PricingError Market data: The service failed to gather enough options to build the ESGE.OQ@RIC volatility surface at 2026-05-06, or the underlying RIC is unknown.",,,,,,,,,
ESGU US,US46434V6603,ESGU.O@RIC,Americas,US,US ETF,OK,,,19.0,3.0,43.0,163.0,79.94,239.82000000000002,,52.76360907606282,
ESGZ US,US46436N6397,EFIV.K,Americas,US,US ETF,OTHER,,"Bad request: code=FinancialContract-API.PricingError Market data: The service failed to gather enough options to build the EFIV.K@RIC volatility surface at 2026-05-06, or the underlying RIC is unknown.",,,,,,,,,
EWT US,US4642877721,EWT@RIC,Americas,US,US ETF,OK,,,19.0,7.0,9.0,625.0,47.425,142.275,33.518533483819326,32.66163481937368,30.77982173992006
EWY US,US4642868260,EWY@RIC,Americas,US,US ETF,OK,,,19.0,7.0,9.0,625.0,90.99,272.97,98.51821511427804,71.9097278576087,57.290220587752316
FARA US,US9281004067,FARA@RIC,Americas,US,US ETF,OTHER,,"Bad request: code=FinancialContract-API.PricingError Market data: The service failed to gather enough options to build the FARA.N@RIC volatility surface at 2026-05-06, or the underlying RIC is unknown.",,,,,,,,,
FDX US,US31428X1063,FDX@RIC,Americas,US,Single name,OK,,,19.0,10.0,9.0,625.0,188.595,565.785,,,
FIS US,US31620M1062,FIS@RIC,Americas,US,Single name,OK,,,19.0,9.0,9.0,625.0,22.985,68.955,,,
FISV US,US3377381088,FI.N,Americas,US,Single name,OTHER,,"Bad request: code=FinancialContract-API.PricingError Market data: The service failed to gather enough options to build the FI.N@RIC volatility surface at 2026-05-06, or the underlying RIC is unknown.",,,,,,,,,
FIVE US,US33813Q1094,FIVE.OQ,Americas,US,Single name,OTHER,,"Bad request: code=FinancialContract-API.PricingError Market data: The service failed to gather enough options to build the FIVE.OQ@RIC volatility surface at 2026-05-06, or the underlying RIC is unknown.",,,,,,,,,
FLTR US,US4642875126,FLTR.K,Americas,US,US ETF,OTHER,,"Bad request: code=FinancialContract-API.PricingError Market data: The service failed to gather enough options to build the FLTR.K@RIC volatility surface at 2026-05-06, or the underlying RIC is unknown.",,,,,,,,,
FM US,US01300H1059,FM.N@RIC,Americas,US,Single name,OTHER,,"Bad request: code=FinancialContract-API.PricingError Market data: The service failed to gather enough options to build the FM@RIC volatility surface at 2026-05-06, or the underlying RIC is unknown.",,,,,,,,,
FRAZ US,US47011Q4453,FRAZ.PK,Americas,US,US ETF,OTHER,,"Bad request: code=FinancialContract-API.PricingError Market data: The service failed to gather enough options to build the FRAZ.PK@RIC volatility surface at 2026-05-06, or the underlying RIC is unknown.",,,,,,,,,
FSLR US,US3364331070,FSLR.OQ,Americas,US,Single name,OTHER,,"Bad request: code=FinancialContract-API.PricingError Market data: The service failed to gather enough options to build the FSLR.OQ@RIC volatility surface at 2026-05-06, or the underlying RIC is unknown.",,,,,,,,,
FTV US,US34959J1088,FTV@RIC,Americas,US,Single name,OK,,,19.0,5.0,9.0,226.0,30.2,90.6,,,
GD US,US3695501086,GD@RIC,Americas,US,Single name,OK,,,19.0,10.0,9.0,625.0,173.635,520.905,,,
GFF US,US3989051094,GFF@RIC,Americas,US,Single name,OK,,,19.0,5.0,9.0,226.0,46.29,138.87,58.547539633809656,34.274671961007094,
GGAL US,US4016301098,GGAL.OQ,Americas,US,Single name,OTHER,,"Bad request: code=FinancialContract-API.PricingError Market data: The service failed to gather enough options to build the GGAL.OQ@RIC volatility surface at 2026-05-06, or the underlying RIC is unknown.",,,,,,,,,
GIB US,US46433Z2993,GIB@RIC,Americas,US,US ETF,OK,,,19.0,4.0,9.0,198.0,33.335,100.005,62.371138175673096,43.97019167555575,
GILD US,US3755581036,GILD.OQ,Americas,US,Single name,OTHER,,"Bad request: code=FinancialContract-API.PricingError Market data: The service failed to gather enough options to build the GILD.OQ@RIC volatility surface at 2026-05-06, or the underlying RIC is unknown.",,,,,,,,,
GME US,US36467W1099,GME@RIC,Americas,US,Single name,OK,,,19.0,12.0,9.0,954.0,12.585,37.755,,,
GMAB US,US37248Q1067,GMAB.OQ,Americas,US,Single name,OTHER,,"Bad request: code=FinancialContract-API.PricingError Market data: The service failed to gather enough options to build the GMAB.OQ@RIC volatility surface at 2026-05-06, or the underlying RIC is unknown.",,,,,,,,,
GOOG US,US02079K3059,GOOG.OQ,Americas,US,Single name,OTHER,,"Bad request: code=FinancialContract-API.PricingError Market data: The service failed to gather enough options to build the GOOG.OQ@RIC volatility surface at 2026-05-06, or the underlying RIC is unknown.",,,,,,,,,
GS US,US38141G1040,GS@RIC,Americas,US,Single name,OK,,,19.0,16.0,9.0,954.0,468.675,1406.025,,,
HAL US,US4062161017,HAL@RIC,Americas,US,Single name,OK,,,19.0,9.0,9.0,625.0,20.2,60.6,,,
HDB US,US40415F1049,HDB@RIC,Americas,US,Single name,OK,,,19.0,5.0,9.0,254.0,12.814999999999998,38.445,,,
HD US,US4370761029,HD@RIC,Americas,US,Single name,OK,,,19.0,13.0,9.0,954.0,161.525,484.575,,,
HES US,US42809H1077,HES.OQ,Americas,US,Single name,OTHER,,"Bad request: code=FinancialContract-API.PricingError Market data: The service failed to gather enough options to build the HES.OQ@RIC volatility surface at 2026-05-06, or the underlying RIC is unknown.",,,,,,,,,
HIG US,US4165151048,HIG@RIC,Americas,US,Single name,OK,,,19.0,4.0,9.0,226.0,66.745,200.23500000000004,56.62215332027914,34.553248036258736,
HMC US,JP3854600008,HMC@RIC,Americas,US,Single name,OK,,,19.0,6.0,9.0,226.0,12.355,37.065,,,
HON US,US4385161066,HON.OQ,Americas,US,Single name,OTHER,,"Bad request: code=FinancialContract-API.PricingError Market data: The service failed to gather enough options to build the HON.OQ@RIC volatility surface at 2026-05-06, or the underlying RIC is unknown.",,,,,,,,,
HPQ US,US40434L1052,HPQ@RIC,Americas,US,Single name,OK,,,19.0,10.0,9.0,625.0,10.705,32.115,,,
HSBC GB,GB0005405286,HSBA.L@RIC,EMEA,GB,Single name,OK,,,19.0,14.0,9.0,590.0,671.7,2015.1,,,
HUM US,US4448591028,HUM@RIC,Americas,US,Single name,OK,,,19.0,10.0,9.0,625.0,123.16500000000002,369.495,,,
HXL US,US4270961033,HXL@RIC,Americas,US,Single name,OK,,,19.0,3.0,135.0,254.0,48.24,144.72,,,
IBM US,US4592001014,IBM@RIC,Americas,US,Single name,OK,,,19.0,14.0,9.0,954.0,112.87,338.61,,,
ICE US,US45866F1049,ICE@RIC,Americas,US,Single name,OK,,,19.0,7.0,9.0,625.0,76.7,230.10000000000002,87.29190651849207,50.43892852715723,32.67614070038664
ILMN US,US4523271090,ILMN.OQ,Americas,US,Single name,OTHER,,"Bad request: code=FinancialContract-API.PricingError Market data: The service failed to gather enough options to build the ILMN.OQ@RIC volatility surface at 2026-05-06, or the underlying RIC is unknown.",,,,,,,,,
INDA US,US4642872349,INDA.K@RIC,Americas,US,US ETF,OK,,,19.0,6.0,9.0,625.0,25.014999999999997,75.045,,,
INTC US,US4581401001,INTC.OQ,Americas,US,Single name,OTHER,,"Bad request: code=FinancialContract-API.PricingError Market data: The service failed to gather enough options to build the INTC.OQ@RIC volatility surface at 2026-05-06, or the underlying RIC is unknown.",,,,,,,,,
INTU US,US4612021034,INTU.OQ,Americas,US,Single name,OTHER,,"Bad request: code=FinancialContract-API.PricingError Market data: The service failed to gather enough options to build the INTU.OQ@RIC volatility surface at 2026-05-06, or the underlying RIC is unknown.",,,,,,,,,
ISRG US,US46120E6023,ISRG.OQ,Americas,US,Single name,OTHER,,"Bad request: code=FinancialContract-API.PricingError Market data: The service failed to gather enough options to build the ISRG.OQ@RIC volatility surface at 2026-05-06, or the underlying RIC is unknown.",,,,,,,,,
ITUB US,US4655061025,ITUB.N,Americas,US,Single name,OTHER,,"Bad request: code=FinancialContract-API.PricingError Market data: The service failed to gather enough options to build the ITUB.N@RIC volatility surface at 2026-05-06, or the underlying RIC is unknown.",,,,,,,,,
IVV US,US4642872000,IVV@RIC,Americas,US,US ETF,OK,,,19.0,8.0,43.0,954.0,368.705,1106.115,,,
JPM US,US46625H1005,JPM@RIC,Americas,US,Single name,OK,,,19.0,14.0,9.0,954.0,157.45,472.35,,,
JNJ US,US4781601046,JNJ@RIC,Americas,US,Single name,OK,,,19.0,11.0,9.0,625.0,112.31,336.93,,,
JSW PL,PLJSW0000011,JSW.WA,Other,PL,Single name,OTHER,,"Bad request: code=FinancialContract-API.PricingError Market data: The service failed to gather enough options to build the JSW.WA@RIC volatility surface at 2026-05-06, or the underlying RIC is unknown.",,,,,,,,,
K DP,US4878361082,K.N^L25,Other,DP,Single name,OTHER,,"Bad request: code=FinancialContract-API.PricingError Market data: The service failed to gather enough options to build the K.N^L25@RIC volatility surface at 2026-05-06, or the underlying RIC is unknown.",,,,,,,,,
KHC US,US5007541064,KHC.OQ,Americas,US,Single name,OTHER,,"Bad request: code=FinancialContract-API.PricingError Market data: The service failed to gather enough options to build the KHC.OQ@RIC volatility surface at 2026-05-06, or the underlying RIC is unknown.",,,,,,,,,
KO US,US1912161007,KO@RIC,Americas,US,Single name,OK,,,19.0,12.0,9.0,625.0,39.615,118.845,27.4151645440008,20.066672714729865,18.38406142991002
LFC CN,CNE1000002Z8,LFC.N,Americas,CN,Single name,OTHER,,"Bad request: code=FinancialContract-API.PricingError Market data: The service failed to gather enough options to build the LFC.N@RIC volatility surface at 2026-05-06, or the underlying RIC is unknown.",,,,,,,,,
LMT US,US5398301094,LMT@RIC,Americas,US,Single name,OK,,,19.0,9.0,9.0,625.0,257.13,771.39,,,
LOW US,US5486611073,LOW@RIC,Americas,US,Single name,OK,,,19.0,10.0,9.0,625.0,116.68499999999999,350.055,,,
LRCX US,US50520R1014,LRCX.OQ,Americas,US,Single name,OTHER,,"Bad request: code=FinancialContract-API.PricingError Market data: The service failed to gather enough options to build the LRCX.OQ@RIC volatility surface at 2026-05-06, or the underlying RIC is unknown.",,,,,,,,,
LULU US,US5500211090,LULU.OQ,Americas,US,Single name,OTHER,,"Bad request: code=FinancialContract-API.PricingError Market data: The service failed to gather enough options to build the LULU.OQ@RIC volatility surface at 2026-05-06, or the underlying RIC is unknown.",,,,,,,,,
MCD US,US5801351017,MCD@RIC,Americas,US,Single name,OK,,,19.0,12.0,9.0,625.0,142.05,426.15,,,
MELI US,US58733R1023,MELI.OQ,Americas,US,Single name,OTHER,,"Bad request: code=FinancialContract-API.PricingError Market data: The service failed to gather enough options to build the MELI.OQ@RIC volatility surface at 2026-05-06, or the underlying RIC is unknown.",,,,,,,,,
META US,US30303M1027,META.OQ,Americas,US,Single name,OTHER,,"Bad request: code=FinancialContract-API.PricingError Market data: The service failed to gather enough options to build the META.OQ@RIC volatility surface at 2026-05-06, or the underlying RIC is unknown.",,,,,,,,,
MGM US,US5529531015,MGM@RIC,Americas,US,Single name,OK,,,19.0,8.0,9.0,625.0,19.105,57.31499999999999,,,
MMM US,US88579Y1010,MMM@RIC,Americas,US,Single name,OK,,,19.0,9.0,9.0,625.0,73.27,219.81,58.22817229341486,42.581052619891274,34.98177591738864
MO US,US02209S1033,MO@RIC,Americas,US,Single name,OK,,,19.0,8.0,9.0,625.0,35.085,105.25499999999998,50.2740386436644,31.197382035067218,25.03397835693465
MU US,US5951121038,MU.OQ,Americas,US,Single name,OTHER,,"Bad request: code=FinancialContract-API.PricingError Market data: The service failed to gather enough options to build the MU.OQ@RIC volatility surface at 2026-05-06, or the underlying RIC is unknown.",,,,,,,,,
NFLX US,US64110L1061,NFLX.O@RIC,Americas,US,US ETF,OK,,,19.0,15.0,9.0,954.0,44.135,132.405,38.91053950959323,34.42353317962328,36.65851162307071
NKE US,US6541061031,NKE@RIC,Americas,US,Single name,OK,,,19.0,13.0,9.0,625.0,21.94,65.82,,,
NOK US,US6549022040,NOK@RIC,Americas,US,Single name,OK,,,19.0,10.0,9.0,625.0,6.595,19.785,,,
NVDA US,US67066G1040,NVDA.OQ,Americas,US,Single name,OTHER,,"Bad request: code=FinancialContract-API.PricingError Market data: The service failed to gather enough options to build the NVDA.OQ@RIC volatility surface at 2026-05-06, or the underlying RIC is unknown.",,,,,,,,,
NSRGY US,CH0038863350,NSRGY.PK,Americas,US,Single name,OTHER,,"Bad request: code=FinancialContract-API.PricingError Market data: The service failed to gather enough options to build the NSRGY.PK@RIC volatility surface at 2026-05-06, or the underlying RIC is unknown.",,,,,,,,,
NTES US,US64110W1027,NTES.OQ,Americas,US,Single name,OTHER,,"Bad request: code=FinancialContract-API.PricingError Market data: The service failed to gather enough options to build the NTES.OQ@RIC volatility surface at 2026-05-06, or the underlying RIC is unknown.",,,,,,,,,
NXPI US,US62914V1061,NXPI.OQ,Americas,US,Single name,OTHER,,"Bad request: code=FinancialContract-API.PricingError Market data: The service failed to gather enough options to build the NXPI.OQ@RIC volatility surface at 2026-05-06, or the underlying RIC is unknown.",,,,,,,,,
NYY US,US6494451036,NYY.N@RIC,Americas,US,Single name,OTHER,,"Bad request: code=FinancialContract-API.PricingError Market data: The service failed to gather enough options to build the NYY@RIC volatility surface at 2026-05-06, or the underlying RIC is unknown.",,,,,,,,,
OXY US,US6745991058,OXY@RIC,Americas,US,Single name,OK,,,19.0,12.0,9.0,954.0,27.560000000000002,82.68,,,
PFE US,US7170811035,PFE@RIC,Americas,US,Single name,OK,,,19.0,12.0,9.0,625.0,13.265000000000002,39.795,,,
PG US,US7427181091,PG@RIC,Americas,US,Single name,OK,,,19.0,10.0,9.0,625.0,73.95,221.85000000000002,61.02207125906888,39.199792284442566,29.47298962637778
PM US,US7181721090,PM@RIC,Americas,US,Single name,OK,,,19.0,10.0,9.0,625.0,85.265,255.795,76.76175463812295,51.00733900849665,38.16541499680807
PYPL US,US70450Y1038,PYPL.OQ,Americas,US,Single name,OTHER,,"Bad request: code=FinancialContract-API.PricingError Market data: The service failed to gather enough options to build the PYPL.OQ@RIC volatility surface at 2026-05-06, or the underlying RIC is unknown.",,,,,,,,,
QCOM US,US7475251036,QCOM.OQ,Americas,US,Single name,OTHER,,"Bad request: code=FinancialContract-API.PricingError Market data: The service failed to gather enough options to build the QCOM.OQ@RIC volatility surface at 2026-05-06, or the underlying RIC is unknown.",,,,,,,,,
REX US,US76146X1046,REX.A,Americas,US,Single name,OTHER,,"Bad request: code=FinancialContract-API.PricingError Market data: The service failed to gather enough options to build the REX.A@RIC volatility surface at 2026-05-06, or the underlying RIC is unknown.",,,,,,,,,
RIO AU,AU000000RIO1,RIO.AX@RIC,APAC,AU,Single name,OK,,,19.0,14.0,15.0,960.0,87.3,261.9,49.29686604732276,37.58657815051525,30.056625083528097
SBUX US,US8552441094,SBUX.OQ,Americas,US,Single name,OTHER,,"Bad request: code=FinancialContract-API.PricingError Market data: The service failed to gather enough options to build the SBUX.OQ@RIC volatility surface at 2026-05-06, or the underlying RIC is unknown.",,,,,,,,,
SGEN US,US8120051080,SGEN.N@RIC,Americas,US,Single name,OTHER,,"Bad request: code=FinancialContract-API.PricingError Market data: The service failed to gather enough options to build the SGEN@RIC volatility surface at 2026-05-06, or the underlying RIC is unknown.",,,,,,,,,
SHEL LN,GB00BP6MXD84,SHEL.L,EMEA,LN,Single name,OTHER,,"Bad request: code=FinancialContract-API.PricingError Market data: The service failed to gather enough options to build the SHEL.L@RIC volatility surface at 2026-05-06, or the underlying RIC is unknown.",,,,,,,,,
SHOP CA,CA82509L1076,SHOP.TO,Americas,CA,Single name,OK,,,19.0,10.0,9.0,625.0,72.135,216.405,108.6098195854028,70.5479503305141,61.09979169879362
SLB US,US8068571082,SLB@RIC,Americas,US,Single name,OK,,,19.0,10.0,9.0,625.0,27.58,82.74,,,
SNA US,US8330341012,SNA@RIC,Americas,US,Single name,OK,,,19.0,4.0,9.0,226.0,193.16,579.48,,,
SNOW US,US8334451098,SNOW.OQ,Americas,US,Single name,OTHER,,"Bad request: code=FinancialContract-API.PricingError Market data: The service failed to gather enough options to build the SNOW.OQ@RIC volatility surface at 2026-05-06, or the underlying RIC is unknown.",,,,,,,,,
SNY US,FR0000120578,SNY.OQ,Americas,US,Single name,OTHER,,"Bad request: code=FinancialContract-API.PricingError Market data: The service failed to gather enough options to build the SNY.OQ@RIC volatility surface at 2026-05-06, or the underlying RIC is unknown.",,,,,,,,,
SO US,US8425871071,SO@RIC,Americas,US,Single name,OK,,,19.0,9.0,9.0,625.0,46.755,140.265,22.41082497202007,21.151291530021666,19.903899459980956
SPG US,US8288061091,SPG@RIC,Americas,US,Single name,OK,,,19.0,9.0,9.0,625.0,102.755,308.265,,,
SQ US,US0937121064,SQ.OQ,Americas,US,Single name,OTHER,,"Bad request: code=FinancialContract-API.PricingError Market data: The service failed to gather enough options to build the SQ.OQ@RIC volatility surface at 2026-05-06, or the underlying RIC is unknown.",,,,,,,,,
STLA IM,NL00150001Q9,STLAM.MI@RIC,EMEA,IM,Single name,OK,,,19.0,4.0,43.0,407.0,3.2425,9.7275,,,
SU CA,CA8672241079,SU.TO,Americas,CA,Single name,OK,,,19.0,10.0,9.0,625.0,43.955,131.865,35.44460782071069,31.327233233596534,28.705746068009837
T US,US00206R1023,T@RIC,Americas,US,Single name,OK,,,19.0,10.0,9.0,625.0,12.784999999999998,38.355,,,
TD CA,CA8911605093,TD.TO,Americas,CA,Single name,OK,,,19.0,10.0,9.0,625.0,74.07,222.21,76.33793323185367,45.173017922115456,29.600885481696196
TGT US,US87612E1064,TGT@RIC,Americas,US,Single name,OK,,,19.0,14.0,9.0,625.0,65.095,195.285,57.88152513252092,44.42155873601342,39.13570640359993
TM US,JP3633400001,TM@RIC,Americas,US,Single name,OK,,,19.0,8.0,9.0,625.0,97.525,292.575,116.45137649352796,56.57444009744251,36.52302089561638
TRV US,US89417E1091,TRV@RIC,Americas,US,Single name,OK,,,19.0,8.0,9.0,590.0,150.795,452.38499999999993,,,
TSLA US,US88160R1014,TSLA.OQ,Americas,US,Single name,OTHER,,"Bad request: code=FinancialContract-API.PricingError Market data: The service failed to gather enough options to build the TSLA.OQ@RIC volatility surface at 2026-05-06, or the underlying RIC is unknown.",,,,,,,,,
TWTR US,US90184L1026,TWTR.N@RIC,Americas,US,Single name,OTHER,,"Bad request: code=FinancialContract-API.PricingError Market data: The service failed to gather enough options to build the TWTR@RIC volatility surface at 2026-05-06, or the underlying RIC is unknown.",,,,,,,,,
TXN US,US8825081040,TXN.OQ,Americas,US,Single name,OTHER,,"Bad request: code=FinancialContract-API.PricingError Market data: The service failed to gather enough options to build the TXN.OQ@RIC volatility surface at 2026-05-06, or the underlying RIC is unknown.",,,,,,,,,
UNH US,US91324P1021,UNH@RIC,Americas,US,Single name,OK,,,19.0,14.0,9.0,954.0,183.64,550.92,,,
V US,US92826C8394,V@RIC,Americas,US,Single name,OK,,,19.0,13.0,9.0,954.0,159.4,478.2,,,
VDE US,US9219395064,VDE@RIC,Americas,US,US ETF,OK,,,19.0,4.0,9.0,226.0,81.215,243.645,36.0314086805607,35.33657122142419,
VHT US,US92204A7020,VHT@RIC,Americas,US,US ETF,OK,,,19.0,4.0,9.0,226.0,136.55,409.65,,,
VNQ US,US9229085538,VNQ@RIC,Americas,US,US ETF,OK,,,19.0,5.0,9.0,254.0,48.545,145.635,14.32965965905534,14.627999085948623,
VOO US,US9229083632,VOO@RIC,Americas,US,US ETF,OK,,,19.0,10.0,9.0,954.0,337.33,1011.9899999999999,,,
VWO US,US9219438584,VWO@RIC,Americas,US,US ETF,OK,,,19.0,6.0,9.0,226.0,30.375000000000004,91.125,,,
VXX US,US4642882341,VXX@RIC,Americas,US,Single name,OK,,,19.0,8.0,9.0,625.0,14.035,42.105,,,
WBA US,US9314271084,WBA.OQ,Americas,US,Single name,OTHER,,"Bad request: code=FinancialContract-API.PricingError Market data: The service failed to gather enough options to build the WBA.OQ@RIC volatility surface at 2026-05-06, or the underlying RIC is unknown.",,,,,,,,,
WFC US,US9497461015,WFC@RIC,Americas,US,Single name,OK,,,19.0,14.0,9.0,954.0,40.21,120.63,33.7984741972428,27.60156347467924,28.035386670819925
WMT US,US9311421039,WMT.OQ,Americas,US,Single name,OTHER,,"Bad request: code=FinancialContract-API.PricingError Market data: The service failed to gather enough options to build the WMT.OQ@RIC volatility surface at 2026-05-06, or the underlying RIC is unknown.",,,,,,,,,
CAC FR,FR0003500008,.FCHI@RIC,EMEA,FR,Single name,OK,,,19.0,16.0,9.0,1689.0,4149.71,12449.13,,,
CCMP US,US6311011026,.IXIC,Americas,US,Single name,OTHER,,"Bad request: code=FinancialContract-API.PricingError Market data: The service failed to gather enough options to build the .IXIC@RIC volatility surface at 2026-05-06, or the underlying RIC is unknown.",,,,,,,,,
DAX DE,DE0008469008,.GDAXI@RIC,EMEA,DE,Single name,OK,,,19.0,19.0,9.0,1689.0,12459.345,37378.035,,,
DJI US,US2605661048,.DJI,Americas,US,Single name,OTHER,,"Bad request: code=FinancialContract-API.PricingError Market data: The service failed to gather enough options to build the .DJI@RIC volatility surface at 2026-05-06, or the underlying RIC is unknown.",,,,,,,,,
EUNL NL,IE00B4L5Y983,EUNL.DE,EMEA,NL,Single name,OTHER,,"Bad request: code=FinancialContract-API.PricingError Market data: The service failed to gather enough options to build the EUNL.DE@RIC volatility surface at 2026-05-06, or the underlying RIC is unknown.",,,,,,,,,
ES52 US,US46434V7509,.SPX,Americas,US,US ETF,OK,,,19.0,27.0,9.0,1689.0,3682.56,11047.68,,,
ESX5 FE,EU0009658145,.STOXX50E@RIC,Other,FE,Single name,OK,,,19.0,31.0,9.0,3516.0,3013.565,9040.695,,,
EUROSTOXX FN,EU0009658145,.STOXX50E@RIC,Other,FN,Single name,OK,,,19.0,31.0,9.0,3516.0,3013.565,9040.695,,,
EU50 US,EU0009658145,.STOXX50E,Americas,US,Single name,OK,,,19.0,31.0,9.0,3516.0,3013.565,9040.695,,,
EUX.PA FR,FR0009690721,EUX.PA@RIC,EMEA,FR,Single name,OTHER,,"Bad request: code=FinancialContract-API.PricingError Market data: The service failed to gather enough options to build the EUX.PA@RIC volatility surface at 2026-05-06, or the underlying RIC is unknown.",,,,,,,,,
FTMIB IM,IT0003465736,.FTMIB@RIC,EMEA,IM,Single name,OK,,,19.0,14.0,9.0,2417.0,24848.375,74545.125,,,
HSI HK,HK0000004322,.HSI@RIC,APAC,HK,Single name,OK,,,19.0,13.0,22.0,1699.0,13106.89,39320.67,,,
IBEX ES,ES0148396007,.IBEX@RIC,Other,ES,Single name,OK,,,19.0,10.0,9.0,681.0,9060.8,27182.4,,,
JKSE ID,ID1000113400,.JKSE,EMEA,ID,Single name,OTHER,,"Bad request: code=FinancialContract-API.PricingError Market data: The service failed to gather enough options to build the .JKSE@RIC volatility surface at 2026-05-06, or the underlying RIC is unknown.",,,,,,,,,
KOSPI KR,KR7005930003,.KS11,Other,KR,Single name,OTHER,,"Bad request: code=FinancialContract-API.PricingError Market data: The service failed to gather enough options to build the .KS11@RIC volatility surface at 2026-05-06, or the underlying RIC is unknown.",,,,,,,,,
N225 JP,JP9010C00002,.N225@RIC,APAC,JP,Single name,OK,,,19.0,26.0,37.0,2774.0,29756.56,89269.68,,,
NSEI IN,INE009A01021,.NSEI@RIC,Other,IN,Single name,OK,,,19.0,3.0,55.0,237.0,12165.475,36496.425,,,
OMX SE,SE0000337842,.OMXS30@RIC,Other,SE,Single name,OK,,,19.0,7.0,9.0,590.0,1579.6645,4738.9935,,,
SPX US,US78378X1072,.SPX@RIC,Americas,US,Single name,OK,,,19.0,27.0,9.0,1689.0,3682.56,11047.68,,,
SSEC CN,CNE000000PX1,.SSEC,Americas,CN,Single name,OTHER,,"Bad request: code=FinancialContract-API.PricingError Market data: The service failed to gather enough options to build the .SSEC@RIC volatility surface at 2026-05-06, or the underlying RIC is unknown.",,,,,,,,,
STOXX50E EU,EU0009658145,.STOXX50E@RIC,Other,EU,Single name,OK,,,19.0,31.0,9.0,3516.0,3013.565,9040.695,,,
UKX GB,GB0001383545,.FTSE@RIC,EMEA,GB,Single name,OK,,,19.0,125.0,9.0,3789.0,5219.33,15657.990000000002,,,
ASMI NL,NL0010273215,ASMI.AS@RIC,EMEA,NL,Single name,OK,,,19.0,8.0,9.0,590.0,435.70000000000005,1307.1,,,
ADYEN NA,NL0012969182,ADYEN.AS@RIC,EMEA,NA,Single name,OK,,,19.0,8.0,9.0,590.0,478.8,1436.4,,,
ADS GR,DE000A1EWWW0,ADSGn.DE@RIC,EMEA,GR,Single name,OK,,,19.0,12.0,9.0,1689.0,74.125,222.375,63.063704972425064,46.1642331834407,37.22554251085474
AI FP,FR0000120073,AIRP.PA,EMEA,FP,Single name,OK,,,19.0,12.0,9.0,1689.0,90.14,270.42,79.46516759440767,48.988368499835495,32.8228445872275
AIR FP,NL0000235190,AIR.PA@RIC,EMEA,FP,Single name,OK,,,19.0,12.0,9.0,1689.0,94.25,282.75,80.19504458827427,52.67643875301703,38.936271727975324
ALV GR,DE0008404005,ALVG.DE@RIC,EMEA,GR,Single name,OK,,,19.0,12.0,9.0,1689.0,196.25,588.75,,,
BAS GR,DE000BASF111,BASFn.DE@RIC,EMEA,GR,Single name,OK,,,19.0,12.0,9.0,1689.0,26.26,78.78,,,
BAYN GR,DE000BAY0017,BAYGn.DE@RIC,EMEA,GR,Single name,OK,,,19.0,12.0,9.0,1689.0,19.255,57.765,,,
BMW GR,DE0005190003,BMWG.DE@RIC,EMEA,GR,Single name,OK,,,19.0,12.0,9.0,1689.0,40.7,122.09999999999998,37.66197240663031,27.74874822072208,28.89270821420709
BN FP,FR0000120644,DANO.PA,EMEA,FP,Single name,OK,,,19.0,12.0,9.0,1689.0,32.46,97.38,,,
BNP FP,FR0000131104,BNPP.PA,EMEA,FP,Single name,OK,,,19.0,12.0,9.0,1689.0,46.705,140.115,27.228116077496257,25.87629583738755,28.035751221090067
CS FP,FR0000120628,AXAF.PA,EMEA,FP,Single name,OK,,,19.0,12.0,9.0,1689.0,20.9,62.7,,,
DB1 GR,DE0005810055,DB1Gn.DE@RIC,EMEA,GR,Single name,OK,,,19.0,12.0,9.0,1689.0,126.2,378.6,,,
DG FP,FR0000125486,VIE.PA,EMEA,FP,Single name,OK,,,19.0,12.0,9.0,1689.0,18.1,54.29999999999999,,,
DHL GR,DE0005552004,DHLn.DE,EMEA,GR,Single name,OTHER,,"Bad request: code=FinancialContract-API.PricingError Market data: The service failed to gather enough options to build the DHLn.DE@RIC volatility surface at 2026-05-06, or the underlying RIC is unknown.",,,,,,,,,
DSY FP,FR0014003TT8,DAST.PA,EMEA,FP,Single name,OK,,,19.0,8.0,9.0,590.0,9.885,29.655000000000005,,,
DTE GR,DE0005557508,DTEGn.DE@RIC,EMEA,GR,Single name,OK,,,19.0,12.0,9.0,1689.0,13.91,41.73,,,
EL FP,FR0000121667,ESLX.PA,EMEA,FP,Single name,OK,,,19.0,12.0,9.0,1689.0,88.35,265.05,144.5722592130931,68.58347618853489,41.18188033093465
ENEL IM,IT0003128367,ENEI.MI,EMEA,IM,Single name,OK,,,19.0,12.0,8.0,1688.0,4.923,14.768999999999998,,,
ENI IM,IT0003132476,ENI.MI@RIC,EMEA,IM,Single name,OK,,,19.0,12.0,8.0,1688.0,11.485,34.455,,,
ENGI FP,FR0010208488,ENGIE.PA,EMEA,FP,Single name,OK,,,19.0,12.0,9.0,1689.0,13.785,41.355,,,
IBE SM,ES0144580Y14,IBE.MC@RIC,EMEA,SM,Single name,OK,,,19.0,17.0,9.0,1689.0,9.88,29.64,,,
IFX GR,DE0006231004,IFXGn.DE@RIC,EMEA,GR,Single name,OK,,,19.0,12.0,9.0,1689.0,29.615,88.845,,,
INGA NA,NL0011821202,INGA.AS@RIC,EMEA,NA,Single name,OK,,,19.0,12.0,9.0,1689.0,12.765,38.295,,,
ISP IM,IT0000072618,ISP.MI@RIC,EMEA,IM,Single name,OK,,,19.0,12.0,8.0,1688.0,2.9745,8.9235,,,
ITX SM,ES0148396007,ITX.MC@RIC,EMEA,SM,Single name,OK,,,19.0,15.0,9.0,1689.0,26.22,78.66,,,
KER FP,FR0000121485,PRTP.PA,EMEA,FP,Single name,OK,,,19.0,12.0,9.0,1689.0,121.625,364.875,,,
MBG GR,DE0007100000,MBGn.DE@RIC,EMEA,GR,Single name,OK,,,19.0,12.0,9.0,1689.0,25.09,75.27,,,
MC FP,FR0000121014,LVMH.PA@RIC,EMEA,FP,Single name,OK,,,19.0,12.0,9.0,1689.0,237.0,711.0,,,
MUV2 GR,DE0008430026,MUVGn.DE@RIC,EMEA,GR,Single name,OK,,,19.0,12.0,9.0,1689.0,261.8,785.4,,,
NESTE FH,FI0009013296,NESTE.HE@RIC,EMEA,FH,Single name,OK,,,19.0,8.0,9.0,590.0,14.02,42.06,,,
NDA FH,FI4000297767,NDAFI.HE@RIC,EMEA,FH,Single name,OK,,,19.0,8.0,9.0,590.0,7.95,23.85,,,
OR FP,FR0000120321,OREP.PA,EMEA,FP,Single name,OK,,,19.0,12.0,9.0,1689.0,186.7,560.1,,,
PRX NA,NL0013654783,PRX.AS@RIC,EMEA,NA,Single name,OK,,,19.0,12.0,9.0,1689.0,20.94,62.82,,,
RACE IM,NL0011585146,RACE.MI@RIC,EMEA,IM,Single name,OK,,,19.0,4.0,43.0,407.0,143.05,429.15000000000003,,,
RI FP,FR0000120693,PERP.PA,EMEA,FP,Single name,OK,,,19.0,12.0,9.0,1689.0,33.03,99.09,,,
SAF FP,FR0000073272,SAF.PA@RIC,EMEA,FP,Single name,OK,,,19.0,8.0,9.0,590.0,148.35,445.05,,,
SAN FP,FR0000120578,SASY.PA,EMEA,FP,Single name,OK,,,19.0,12.0,9.0,1689.0,37.32,111.96,36.360326009336866,29.934718048405845,27.000568681061665
SAN SM,ES0113900J37,SAN.MC@RIC,EMEA,SM,Single name,OK,,,19.0,15.0,9.0,1689.0,5.294,15.882,,,
SAP GR,DE0007164600,SAPG.DE@RIC,EMEA,GR,Single name,OK,,,19.0,12.0,9.0,1689.0,74.66,223.98,87.63707216324099,51.018298693502345,40.24876237121748
SIE GR,DE0007236101,SIEGn.DE@RIC,EMEA,GR,Single name,OK,,,19.0,12.0,9.0,1689.0,134.15,402.45,,,
STLAM IM,NL00150001Q9,STLAM.MI@RIC,EMEA,IM,Single name,OK,,,19.0,4.0,43.0,407.0,3.2425,9.7275,,,
SU FP,FR0000121972,SCHN.PA,EMEA,FP,Single name,OK,,,19.0,12.0,9.0,1689.0,141.35,424.05,,,
TTE FP,FR0000120271,TTEF.PA@RIC,EMEA,FP,Single name,OK,,,19.0,12.0,9.0,1689.0,38.375,115.12500000000001,38.703613394851224,30.068502168840904,27.137189875145225
UCG IM,IT0005239360,CRDI.MI,EMEA,IM,Single name,OK,,,19.0,12.0,8.0,1688.0,35.47,106.41000000000001,47.12257483534505,36.053011110775195,32.71816208116547
VOW3 GR,DE0007664039,VOWG_p.DE@RIC,EMEA,GR,Single name,OK,,,19.0,12.0,9.0,1689.0,44.03,132.09,38.21229928004615,30.317658244297284,28.338916511931863
AAL LN,GB00B1XZS820,AAL.L@RIC,EMEA,LN,Single name,OK,,,19.0,14.0,9.0,590.0,1913.75,5741.25,,,
AZN LN,GB0009895292,AZN.L@RIC,EMEA,LN,Single name,OK,,,19.0,13.0,44.0,590.0,6783.0,20349.0,,,
BA LN,GB0002634946,BAES.L,EMEA,LN,Single name,OTHER,,Bad request: code=FinancialContract-API.PricingError The service failed to build the volatility surface. (Additional technical information: Volatility Surface Filtering Data Error. The number of options (5) is below the minimum required (6).),,,,,,,,,
BARC LN,GB0031348658,BARC.L@RIC,EMEA,LN,Single name,OK,,,19.0,9.0,9.0,254.0,221.325,663.975,,,
BATS LN,GB0002875804,BATS.L@RIC,EMEA,LN,Single name,OTHER,,Bad request: code=FinancialContract-API.PricingError The service failed to build the volatility surface. (Additional technical information: Volatility Surface Filtering Data Error. The number of options (3) is below the minimum required (6).),,,,,,,,,
BHP LN,GB00BMXES671,BHPB.L,EMEA,LN,Single name,OTHER,,Bad request: code=FinancialContract-API.PricingError The service failed to build the volatility surface. (Additional technical information: Volatility Surface Filtering Data Error. The number of options (3) is below the minimum required (6).),,,,,,,,,
BP LN,GB0007980591,BP.L@RIC,EMEA,LN,Single name,OK,,,19.0,5.0,9.0,226.0,275.65,826.95,,,
DGE LN,GB0002374006,DGE.L@RIC,EMEA,LN,Single name,OK,,,19.0,7.0,9.0,590.0,784.4,2353.2,,,
EXPN LN,GB00B19NLV48,EXPN.L@RIC,EMEA,LN,Single name,OTHER,,"Bad request: code=FinancialContract-API.PricingError The service failed to build the volatility surface. (Additional technical information: Volatility Surface Dynamic Filtering Error. Neither Mid, nor any other prices are available.)",,,,,,,,,
GLEN LN,JE00B4T3BW64,GLEN.L@RIC,EMEA,LN,Single name,OTHER,,"Bad request: code=FinancialContract-API.PricingError The service failed to build the volatility surface. (Additional technical information: Volatility Surface Dynamic Filtering Error. Neither Mid, nor any other prices are available.)",,,,,,,,,
GSK LN,GB00BN7SWP63,GSK.L@RIC,EMEA,LN,Single name,OK,,,19.0,14.0,9.0,590.0,937.5,2812.5,,,
HSBA LN,GB0005405286,HSBA.L@RIC,EMEA,LN,Single name,OK,,,19.0,14.0,9.0,590.0,671.7,2015.1,,,
IAG LN,ES0177542018,ICAG.L,EMEA,LN,Single name,OTHER,,"Bad request: code=FinancialContract-API.PricingError Market data: The service failed to gather enough options to build the ICAG.L@RIC volatility surface at 2026-05-06, or the underlying RIC is unknown.",,,,,,,,,
IMB LN,GB0004544929,IMB.L@RIC,EMEA,LN,Single name,OTHER,,Bad request: code=FinancialContract-API.PricingError The service failed to build the volatility surface. (Additional technical information: Volatility Surface Filtering Data Error. The number of options (1) is below the minimum required (6).),,,,,,,,,
LGEN LN,GB0005603997,LGEN.L@RIC,EMEA,LN,Single name,OK,,,19.0,9.0,9.0,254.0,126.025,378.075,,,
LLOY LN,GB0008706128,LLOY.L@RIC,EMEA,LN,Single name,OK,,,19.0,12.0,9.0,499.0,49.73,149.19,33.6126928081642,28.815852008810868,28.080407278886522
LSEG LN,GB00B0SWJX34,LSEG.L@RIC,EMEA,LN,Single name,OTHER,,Bad request: code=FinancialContract-API.PricingError The service failed to build the volatility surface. (Additional technical information: Volatility Surface Filtering Data Error. The number of options (1) is below the minimum required (6).),,,,,,,,,
NG LN,GB00BDR05C01,NG.L@RIC,EMEA,LN,Single name,OK,,,19.0,14.0,9.0,590.0,649.1,1947.3,,,
NWG LN,GB00BM8PJY71,NWG.L@RIC,EMEA,LN,Single name,OK,,,19.0,14.0,9.0,681.0,288.0,864.0,,,
PRU LN,GB0007099541,PRU.L@RIC,EMEA,LN,Single name,OK,,,19.0,9.0,9.0,254.0,592.0,1776.0000000000002,,,
RIO LN,GB0007188757,RIO.L@RIC,EMEA,LN,Single name,OK,,,19.0,14.0,9.0,590.0,3860.0,11580.0,,,
RKT LN,GB00B24CGK77,RKT.L@RIC,EMEA,LN,Single name,OK,,,19.0,13.0,44.0,590.0,2352.5,7057.5,,,
RR LN,GB00B63H8491,RR.L,EMEA,LN,Single name,OTHER,,"Bad request: code=FinancialContract-API.PricingError Market data: The service failed to gather enough options to build the RR.L@RIC volatility surface at 2026-05-06, or the underlying RIC is unknown.",,,,,,,,,
SHEL LN,GB00BP6MXD84,SHEL.L,EMEA,LN,Single name,OTHER,,"Bad request: code=FinancialContract-API.PricingError Market data: The service failed to gather enough options to build the SHEL.L@RIC volatility surface at 2026-05-06, or the underlying RIC is unknown.",,,,,,,,,
SSE LN,GB0007908733,SSE.L@RIC,EMEA,LN,Single name,OTHER,,"Bad request: code=FinancialContract-API.PricingError The service failed to build the volatility surface. (Additional technical information: Volatility Surface Dynamic Filtering Error. Neither Mid, nor any other prices are available.)",,,,,,,,,
STAN LN,GB0004082847,STAN.L@RIC,EMEA,LN,Single name,OK,,,19.0,14.0,9.0,681.0,952.9999999999999,2859.0,,,
TSCO LN,GB0008847096,TSCO.L@RIC,EMEA,LN,Single name,OK,,,19.0,8.0,44.0,254.0,237.4,712.2,,,
ULVR LN,GB00B10RZP78,ULVR.L@RIC,EMEA,LN,Single name,OTHER,,"Bad request: code=FinancialContract-API.PricingError The service failed to build the volatility surface. (Additional technical information: Volatility Surface Dynamic Filtering Error. Neither Mid, nor any other prices are available.)",,,,,,,,,
VOD LN,GB00BH4HKS39,VOD.L@RIC,EMEA,LN,Single name,OK,,,19.0,13.0,44.0,590.0,59.12500000000001,177.375,,36.15738751826523,29.951095148598338
7203 JP,JP3633400001,7203.T@RIC,APAC,JP,Single name,OK,,,19.0,3.0,36.0,218.0,1500.0,4500.0,,,
6758 JP,JP3435000009,6758.T@RIC,APAC,JP,Single name,OK,,,19.0,3.0,36.0,218.0,1563.5,4690.5,,,
9984 JP,JP3436100006,9984.T@RIC,APAC,JP,Single name,OK,,,19.0,3.0,36.0,218.0,2712.0,8136.0,,,
8306 JP,JP3902900004,8306.T@RIC,APAC,JP,Single name,OK,,,19.0,3.0,36.0,218.0,1399.0,4197.0,,,
6861 JP,JP3236200006,6861.T@RIC,APAC,JP,Single name,OK,,,19.0,3.0,36.0,218.0,38230.0,114690.00000000001,,,
7974 JP,JP3756600007,7974.T@RIC,APAC,JP,Single name,OK,,,19.0,3.0,36.0,218.0,3798.5,11395.5,,,
4063 JP,JP3371200001,4063.T@RIC,APAC,JP,Single name,OK,,,19.0,3.0,36.0,218.0,3552.0000000000005,10656.0,,,
6098 JP,JP3970300004,6098.T@RIC,APAC,JP,Single name,OK,,,19.0,3.0,36.0,218.0,3680.5,11041.5,,,
8035 JP,JP3571400005,8035.T@RIC,APAC,JP,Single name,OK,,,19.0,3.0,36.0,218.0,23725.0,71175.0,,,
8316 JP,JP3890350006,8316.T@RIC,APAC,JP,Single name,OK,,,19.0,3.0,36.0,218.0,2770.5,8311.5,,,
4502 JP,JP3463000004,4502.T@RIC,APAC,JP,Single name,OK,,,19.0,3.0,36.0,218.0,2619.5,7858.499999999999,,,
7267 JP,JP3854600008,7267.T@RIC,APAC,JP,Single name,OK,,,19.0,3.0,36.0,218.0,631.25,1893.75,,,
8411 JP,JP3885780001,8411.T@RIC,APAC,JP,Single name,OK,,,19.0,3.0,36.0,218.0,3352.0000000000005,10056.0,,,
6594 JP,JP3734800000,6594.T@RIC,APAC,JP,Single name,OK,,,19.0,3.0,36.0,218.0,1199.0,3597.0,,,
6981 JP,JP3914400001,6981.T@RIC,APAC,JP,Single name,OK,,,19.0,3.0,36.0,218.0,2569.0,7706.999999999999,,,
9432 JP,JP3735400008,9432.T@RIC,APAC,JP,Single name,OK,,,19.0,3.0,36.0,218.0,76.0,227.99999999999997,,41.57005709872987,
9433 JP,JP3496400007,9433.T@RIC,APAC,JP,Single name,OK,,,19.0,3.0,36.0,218.0,1274.0,3822.0,,,
9434 JP,JP3436100006,9434.T@RIC,APAC,JP,Single name,OK,,,19.0,3.0,36.0,218.0,110.3,330.9,,,
8001 JP,JP3143600009,8001.T@RIC,APAC,JP,Single name,OK,,,19.0,3.0,36.0,218.0,993.5,2980.5,,,
8058 JP,JP3898400001,8058.T@RIC,APAC,JP,Single name,OK,,,19.0,3.0,36.0,218.0,2609.5,7828.5,,,
8002 JP,JP3877600001,8002.T@RIC,APAC,JP,Single name,OK,,,19.0,3.0,36.0,218.0,2877.5,8632.5,,,
8031 JP,JP3893600001,8031.T@RIC,APAC,JP,Single name,OK,,,19.0,3.0,36.0,218.0,2882.5,8647.5,,,
8053 JP,JP3404600003,8053.T@RIC,APAC,JP,Single name,OK,,,19.0,3.0,36.0,218.0,3420.0000000000005,10260.0,,,
0700 HK,KYG875721634,0700.HK@RIC,APAC,HK,Single name,OK,,,19.0,7.0,22.0,328.0,231.5,694.5,,,
0939 HK,CNE1000002H1,0939.HK@RIC,APAC,HK,Single name,OK,,,19.0,7.0,22.0,328.0,4.465,13.394999999999998,,,
9988 HK,KYG017191142,9988.HK@RIC,APAC,HK,Single name,OK,,,19.0,7.0,22.0,328.0,67.1,201.29999999999998,55.87260732972817,43.680452759167416,
1398 HK,CNE1000003G1,1398.HK@RIC,APAC,HK,Single name,OK,,,19.0,7.0,22.0,328.0,3.4750000000000005,10.425,,,
0941 HK,HK0941009539,0941.HK@RIC,APAC,HK,Single name,OK,,,19.0,7.0,22.0,328.0,42.35,127.05,36.37711218482579,21.649597241767363,
3690 HK,KYG596691041,3690.HK@RIC,APAC,HK,Single name,OK,,,19.0,7.0,22.0,328.0,41.25,123.75,49.39703887916814,44.12925517480562,
2318 HK,CNE1000003X6,2318.HK@RIC,APAC,HK,Single name,OK,,,19.0,7.0,22.0,328.0,32.1,96.3,,,
0388 HK,HK0388045442,0388.HK@RIC,APAC,HK,Single name,OK,,,19.0,7.0,22.0,328.0,210.6,631.8,,,
0005 HK,GB0005405286,0005.HK@RIC,APAC,HK,Single name,OK,,,19.0,7.0,22.0,328.0,70.25,210.75,51.3346161763463,36.53967033421184,
1810 HK,KYG9830T1067,1810.HK@RIC,APAC,HK,Single name,OK,,,19.0,7.0,22.0,328.0,15.410000000000002,46.23,,,
9618 HK,KYG8208B1014,9618.HK@RIC,APAC,HK,Single name,OK,,,19.0,7.0,22.0,328.0,58.20000000000001,174.6,44.67112341214988,38.53611030461448,
2628 HK,CNE1000002L3,2628.HK@RIC,APAC,HK,Single name,OK,,,19.0,7.0,22.0,328.0,14.95,44.85,,,
0883 HK,HK0883013259,0883.HK@RIC,APAC,HK,Single name,OK,,,19.0,7.0,22.0,328.0,14.02,42.06,,,
0857 HK,CNE1000003W8,0857.HK@RIC,APAC,HK,Single name,OK,,,19.0,7.0,22.0,328.0,5.84,17.52,,,
0386 HK,CNE1000002Q2,0386.HK@RIC,APAC,HK,Single name,OK,,,19.0,7.0,22.0,328.0,2.355,7.065,,,
0011 HK,HK0011000095,0011.HK^A26,APAC,HK,Single name,OTHER,,"Bad request: code=FinancialContract-API.PricingError Market data: The service failed to gather enough options to build the 0011.HK^A26@RIC volatility surface at 2026-05-06, or the underlying RIC is unknown.",,,,,,,,,
0001 HK,KYG217651051,0001.HK@RIC,APAC,HK,Single name,OK,,,19.0,7.0,22.0,328.0,35.05,105.15,62.42508443086891,41.963418738440815,
1299 HK,HK0000069689,1299.HK@RIC,APAC,HK,Single name,OK,,,19.0,7.0,22.0,328.0,43.725,131.175,29.70591238443768,30.620041424533493,
0002 HK,HK0002007356,0002.HK@RIC,APAC,HK,Single name,OK,,,19.0,7.0,22.0,328.0,38.0,113.99999999999999,39.29520319837613,20.702041948793273,
1113 HK,KYG2177B1014,1113.HK@RIC,APAC,HK,Single name,OK,,,19.0,7.0,22.0,328.0,25.725000000000005,77.175,,,
0016 HK,HK0016000132,0016.HK@RIC,APAC,HK,Single name,OK,,,19.0,7.0,22.0,328.0,73.1,219.3,31.529488617629315,27.19526948676944,
0027 HK,HK0027032686,0027.HK@RIC,APAC,HK,Single name,OK,,,19.0,7.0,22.0,328.0,16.48,49.44,,,
0066 HK,HK0066009694,0066.HK@RIC,APAC,HK,Single name,OK,,,19.0,7.0,22.0,328.0,17.29,51.86999999999999,,,
0688 HK,HK0688002218,0688.HK@RIC,APAC,HK,Single name,OK,,,19.0,7.0,22.0,328.0,7.485,22.455,,,
CBA AU,AU000000CBA7,CBA.AX@RIC,APAC,AU,Single name,OK,,,19.0,14.0,15.0,960.0,88.99,266.97,53.764620441215236,35.489402322230134,25.630663857852273
CSL AU,AU000000CSL8,CSL.AX@RIC,APAC,AU,Single name,OK,,,19.0,14.0,15.0,960.0,62.295,186.885,60.09182412381401,41.943603922714715,35.414970030882195
WES AU,AU000000WES1,WES.AX@RIC,APAC,AU,Single name,OK,,,19.0,14.0,15.0,960.0,36.355,109.06499999999998,31.346112589324964,23.121765288619684,22.82803917067463
NAB AU,AU000000NAB4,NAB.AX@RIC,APAC,AU,Single name,OK,,,19.0,14.0,15.0,960.0,20.015,60.045,,,
ANZ AU,AU0000242039,ANZ.AX@RIC,APAC,AU,Single name,OK,,,19.0,14.0,15.0,960.0,18.535,55.60499999999999,,,
WBC AU,AU000000WBC1,WBC.AX@RIC,APAC,AU,Single name,OK,,,19.0,14.0,15.0,960.0,19.47,58.41,,,
MQG AU,AU000000MQG1,MQG.AX@RIC,APAC,AU,Single name,OK,,,19.0,14.0,15.0,960.0,120.28000000000002,360.84,,,
WOW AU,AU000000WOW2,WOW.AX@RIC,APAC,AU,Single name,OK,,,19.0,14.0,15.0,960.0,16.925,50.775000000000006,,,
TLS AU,AU0000030678,TLS.AX@RIC,APAC,AU,Single name,OK,,,19.0,14.0,15.0,960.0,2.68,8.04,,,
TCL AU,AU000000TCL6,TCL.AX@RIC,APAC,AU,Single name,OK,,,19.0,10.0,15.0,498.0,7.22,21.66,,,
GMG AU,AU000000GMG2,GMG.AX@RIC,APAC,AU,Single name,OK,,,19.0,10.0,15.0,498.0,15.32,45.96,,,
WDS AU,AU0000224040,WDS.AX,APAC,AU,Single name,OTHER,,"Bad request: code=FinancialContract-API.PricingError Market data: The service failed to gather enough options to build the WDS.AX@RIC volatility surface at 2026-05-06, or the underlying RIC is unknown.",,,,,,,,,
STO AU,AU000000STO6,STO.AX@RIC,APAC,AU,Single name,OK,,,19.0,14.0,15.0,960.0,3.945,11.835,,,
FMG AU,AU000000FMG4,FMG.AX@RIC,APAC,AU,Single name,OK,,,19.0,14.0,15.0,960.0,10.325,30.975,,,
SUN AU,AU000000SUN6,SUN.AX@RIC,APAC,AU,Single name,OK,,,19.0,10.0,15.0,498.0,8.575,25.725000000000005,,,
QBE AU,AU000000QBE9,QBE.AX@RIC,APAC,AU,Single name,OK,,,19.0,14.0,15.0,960.0,11.21,33.63,,,
RMD AU,US7611521078,RMD.AX,APAC,AU,Single name,OTHER,,"Bad request: code=FinancialContract-API.PricingError Market data: The service failed to gather enough options to build the RMD.AX@RIC volatility surface at 2026-05-06, or the underlying RIC is unknown.",,,,,,,,,
JHX AU,IE00BD1NQM38,JHX.AX@RIC,APAC,AU,Single name,OK,,,19.0,8.0,15.0,316.0,14.065,42.195,,,
AMC AU,JE00BJ1F3079,AMC.AX@RIC,APAC,AU,Single name,OK,,,19.0,4.0,71.0,498.0,26.35,79.05,,,
COL AU,AU0000030678,COL.AX,APAC,AU,Single name,OTHER,,"Bad request: code=FinancialContract-API.PricingError Market data: The service failed to gather enough options to build the COL.AX@RIC volatility surface at 2026-05-06, or the underlying RIC is unknown.",,,,,,,,,
IAG AU,AU000000IAG3,IAG.AX@RIC,APAC,AU,Single name,OK,,,19.0,10.0,15.0,498.0,3.8249999999999997,11.475,,,
SHL AU,AU000000SHL7,SHL.AX@RIC,APAC,AU,Single name,OK,,,19.0,8.0,15.0,316.0,9.465,28.395,,,
CPU AU,AU000000CPU5,CPU.AX@RIC,APAC,AU,Single name,OK,,,19.0,10.0,15.0,498.0,15.725,47.175,,,
