date,from_maturity,to_maturity,fwdCofDiv100pct,fwdCofDivMarket
2024-04-03,6M,3M,0.004122934782608695,0.0033479347826086956
2024-04-03,1Y,3M,0.005156240875912408,0.002636970802919708
2024-04-03,1Y,6M,0.005678571428571429,0.0022775824175824176
2024-04-03,2Y,3M,0.006614960876369327,0.002947151799687011
2024-04-03,2Y,6M,0.007034095063985375,0.002879744058500914
2024-04-03,2Y,1Y,0.007710000000000001,0.0031799999999999997
2024-04-10,6M,3M,0.0044107608695652155,0.003625434782608695
2024-04-10,1Y,3M,0.006218503649635037,0.0034294160583941604
2024-04-10,1Y,6M,0.007132307692307694,0.00333032967032967
2024-04-10,2Y,3M,0.007064741784037559,0.0032583881064162756
2024-04-10,2Y,6M,0.00751111517367459,0.0031966544789762343
2024-04-10,2Y,1Y,0.0077,0.0031300000000000004
2024-04-17,6M,3M,0.004567282608695655,0.003731630434782608
2024-04-17,1Y,3M,0.006178102189781022,0.0029859489051094886
2024-04-17,1Y,6M,0.006992362637362636,0.0026090109890109887
2024-04-17,2Y,3M,0.007075978090766824,0.0031025039123630674
2024-04-17,2Y,6M,0.007497915904936016,0.0029966910420475322
2024-04-17,2Y,1Y,0.007750000000000002,0.00319
2024-04-24,6M,3M,0.0046275000000000005,0.0033368478260869566
2024-04-24,1Y,3M,0.006259781021897809,0.0028532481751824814
2024-04-24,1Y,6M,0.007084890109890108,0.0026087912087912083
2024-04-24,2Y,3M,0.007002472613458529,0.0028742410015649457
2024-04-24,2Y,6M,0.007401919561243145,0.002796435100548446
2024-04-24,2Y,1Y,0.007560000000000001,0.00289
2024-05-08,6M,3M,0.00561,0.0033399999999999997
2024-05-08,1Y,3M,0.007222747252747253,0.0033281684981684985
2024-05-08,1Y,6M,0.008042486187845303,0.0033221546961325972
2024-05-08,2Y,3M,0.0074328526645768035,0.0031461442006269595
2024-05-08,2Y,6M,0.007740000000000001,0.0031134798534798534
2024-05-08,2Y,1Y,0.007590000000000001,0.0030099999999999997
2024-05-15,6M,3M,0.0075,0.00488
2024-05-15,1Y,3M,0.007580109890109892,0.0034402197802197803
2024-05-15,1Y,6M,0.007620828729281769,0.002708397790055248
2024-05-15,2Y,3M,0.0077688401253918505,0.0033828840125391855
2024-05-15,2Y,6M,0.007814139194139195,0.0031306227106227113
2024-05-15,2Y,1Y,0.00791,0.0033400000000000005
2024-05-22,6M,3M,0.00712,0.00437
2024-05-22,1Y,3M,0.008301391941391942,0.0037845787545787548
2024-05-22,1Y,6M,0.008901878453038675,0.0034870165745856355
2024-05-22,2Y,3M,0.007888683385579938,0.003318557993730408
2024-05-22,2Y,6M,0.00801820512820513,0.003141391941391942
2024-05-22,2Y,1Y,0.007580000000000001,0.00297
2024-05-29,6M,3M,0.0066300000000000005,0.003699999999999998
2024-05-29,1Y,3M,0.008970622710622711,0.004044981684981685
2024-05-29,1Y,6M,0.010160331491712707,0.004220331491712708
2024-05-29,2Y,3M,0.007991974921630094,0.003218307210031348
2024-05-29,2Y,6M,0.008221465201465201,0.0031371428571428574
2024-05-29,2Y,1Y,0.007259999999999999,0.0026
2024-06-05,6M,3M,0.005974835164835165,0.003045934065934066
2024-06-05,1Y,3M,0.009326593406593408,0.004256263736263736
2024-06-05,1Y,6M,0.01100247252747253,0.004861428571428571
2024-06-05,2Y,3M,0.008315924764890282,0.003514670846394984
2024-06-05,2Y,6M,0.008705393053016453,0.003592650822669104
2024-06-05,2Y,1Y,0.007559999999999999,0.00296
2024-06-12,6M,3M,0.007727032967032967,0.004717472527472529
2024-06-12,1Y,3M,0.01093230769230769,0.005434029304029304
2024-06-12,1Y,6M,0.012534945054945056,0.005792307692307691
2024-06-12,2Y,3M,0.009197523510971787,0.0042303134796238245
2024-06-12,2Y,6M,0.009442157221206582,0.004149268738574039
2024-06-12,2Y,1Y,0.0079,0.0033299999999999996
2024-06-19,6M,3M,0.0069625274725274725,0.00365978021978022
2024-06-19,1Y,3M,0.011486996336996338,0.00548989010989011
2024-06-19,1Y,6M,0.013749230769230769,0.006404945054945054
2024-06-19,2Y,3M,0.00885705329153605,0.003687836990595611
2024-06-19,2Y,6M,0.009172230347349177,0.003692504570383912
2024-06-19,2Y,1Y,0.00689,0.00234
2024-06-26,6M,3M,0.007944615384615385,0.004963186813186813
2024-06-26,1Y,3M,0.011099304029304029,0.0050618681318681325
2024-06-26,1Y,6M,0.012676648351648351,0.005111208791208792
2024-06-26,2Y,3M,0.00841655172413793,0.0033502194357366774
2024-06-26,2Y,6M,0.00849506398537477,0.0030818829981718466
2024-06-26,2Y,1Y,0.006409999999999999,0.00207
2024-07-03,6M,3M,0.0062,0.00327
2024-07-03,1Y,3M,0.00966809523809524,0.003677728937728938
2024-07-03,1Y,6M,0.011430883977900552,0.0038849723756906075
2024-07-03,2Y,3M,0.007895673981191223,0.0028094357366771163
2024-07-03,2Y,6M,0.008181391941391943,0.0027318315018315022
2024-07-03,2Y,1Y,0.006570000000000001,0.0021600000000000005
2024-07-10,6M,3M,0.006760000000000001,0.003999999999999999
2024-07-10,1Y,3M,0.009854285714285716,0.0038742490842490845
2024-07-10,1Y,6M,0.011427071823204422,0.003810331491712707
2024-07-10,2Y,3M,0.007923855799373042,0.002819153605015674
2024-07-10,2Y,6M,0.008119963369963372,0.0026201831501831497
2024-07-10,2Y,1Y,0.00648,0.0020299999999999997
2024-07-17,6M,3M,0.00684,0.00408
2024-07-17,1Y,3M,0.009679816849816851,0.003633479853479854
2024-07-17,1Y,6M,0.011123259668508287,0.0034065193370165746
2024-07-17,2Y,3M,0.008449905956112853,0.0033168338557993736
2024-07-17,2Y,6M,0.008721172161172162,0.0031882417582417585
2024-07-17,2Y,1Y,0.00753,0.0030800000000000003
2024-07-24,6M,3M,0.006809999999999998,0.0041400000000000005
2024-07-24,1Y,3M,0.009944615384615385,0.003921428571428572
2024-07-24,1Y,6M,0.011537900552486187,0.003810331491712707
2024-07-24,2Y,3M,0.008523166144200628,0.0033771159874608154
2024-07-24,2Y,6M,0.008811831501831503,0.0032485714285714292
2024-07-24,2Y,1Y,0.007460000000000001,0.0029700000000000004
2024-07-31,6M,3M,0.007409999999999999,0.0048
2024-07-31,1Y,3M,0.009817985347985348,0.0038823076923076927
2024-07-31,1Y,6M,0.011041933701657458,0.0034158563535911604
2024-07-31,2Y,3M,0.008543354231974921,0.003463354231974921
2024-07-31,2Y,6M,0.008734322344322346,0.0032381318681318685
2024-07-31,2Y,1Y,0.007590000000000001,0.0031499999999999996
2024-08-07,6M,3M,0.007,0.004410000000000001
2024-08-07,1Y,3M,0.00936864468864469,0.0032928571428571434
2024-08-07,1Y,6M,0.010572596685082874,0.0027250276243093925
2024-08-07,2Y,3M,0.00808219435736677,0.0029136363636363635
2024-08-07,2Y,6M,0.008264542124542125,0.0026615018315018315
2024-08-07,2Y,1Y,0.00712,0.00263
2024-08-14,6M,3M,0.00695,0.00505
2024-08-14,1Y,3M,0.009185934065934067,0.003401575091575092
2024-08-14,1Y,6M,0.01032243093922652,0.002563701657458563
2024-08-14,2Y,3M,0.0080841065830721,0.003028808777429467
2024-08-14,2Y,6M,0.008275201465201465,0.0026882417582417585
2024-08-14,2Y,1Y,0.00726,0.0027500000000000003
2024-08-21,6M,3M,0.006399999999999999,0.004509999999999999
2024-08-21,1Y,3M,0.008870329670329672,0.0033035897435897436
2024-08-21,1Y,6M,0.010125966850828729,0.0026903867403314913
2024-08-21,2Y,3M,0.008349529780564262,0.003427398119122257
2024-08-21,2Y,6M,0.008678021978021977,0.0032449816849816847
2024-08-21,2Y,1Y,0.007959999999999998,0.0035199999999999997
2024-08-28,6M,3M,0.006999999999999999,0.00509
2024-08-28,1Y,3M,0.008742820512820514,0.003223040293040293
2024-08-28,1Y,6M,0.009628674033149171,0.0022740883977900544
2024-08-28,2Y,3M,0.008415109717868338,0.0035473981191222574
2024-08-28,2Y,6M,0.008653553113553113,0.0032874725274725275
2024-08-28,2Y,1Y,0.008169999999999998,0.0037900000000000004
2024-09-04,6M,3M,0.007057777777777777,0.005178555555555557
2024-09-04,1Y,3M,0.00922007299270073,0.003829817518248175
2024-09-04,1Y,6M,0.01027771739130435,0.0031701086956521735
2024-09-04,2Y,3M,0.008471752738654147,0.0036185758998435054
2024-09-04,2Y,6M,0.008703551912568308,0.003362841530054645
2024-09-04,2Y,1Y,0.00791,0.00346
2024-09-11,6M,3M,0.0070473333333333325,0.0045963333333333325
2024-09-11,1Y,3M,0.008837153284671532,0.0034100364963503644
2024-09-11,1Y,6M,0.009712608695652176,0.0028297826086956523
2024-09-11,2Y,3M,0.008244726134585288,0.0033471830985915495
2024-09-11,2Y,6M,0.008441020036429872,0.0031424043715847
2024-09-11,2Y,1Y,0.0078,0.0033000000000000004
2024-09-18,6M,3M,0.007200666666666667,0.0047698888888888895
2024-09-18,1Y,3M,0.008893357664233577,0.0036060948905109486
2024-09-18,1Y,6M,0.00972130434782609,0.0030368478260869563
2024-09-18,2Y,3M,0.008034632237871674,0.003208482003129891
2024-09-18,2Y,6M,0.00817134790528233,0.002952513661202186
2024-09-18,2Y,1Y,0.007389999999999999,0.0029100000000000003
2024-09-25,6M,3M,0.007021444444444444,0.004266111111111111
2024-09-25,1Y,3M,0.008426824817518247,0.0031866423357664233
2024-09-25,1Y,6M,0.009114239130434784,0.0026586413043478262
2024-09-25,2Y,3M,0.007965962441314554,0.0032171205007824727
2024-09-25,2Y,6M,0.0081208014571949,0.003045154826958106
2024-09-25,2Y,1Y,0.007620000000000001,0.0032400000000000003
2024-10-02,6M,3M,0.007558222222222223,0.004213777777777779
2024-10-02,1Y,3M,0.008881501831501833,0.00382989010989011
2024-10-02,1Y,6M,0.00953229508196721,0.003641092896174863
2024-10-02,2Y,3M,0.008188401253918497,0.003583949843260188
2024-10-02,2Y,6M,0.008291897810218978,0.003480510948905109
2024-10-02,2Y,1Y,0.0076700000000000015,0.0034
2024-10-09,6M,3M,0.0074860000000000005,0.0035333333333333345
2024-10-09,1Y,3M,0.008810952380952381,0.003752271062271063
2024-10-09,1Y,6M,0.009462568306010928,0.0038599453551912562
2024-10-09,2Y,3M,0.008364169278996867,0.0037395297805642635
2024-10-09,2Y,6M,0.008508394160583943,0.0037733941605839413
2024-10-09,2Y,1Y,0.008030000000000002,0.00373
2024-10-16,6M,3M,0.008684222222222223,0.0036806666666666667
2024-10-16,1Y,3M,0.008177985347985348,0.0030459340659340656
2024-10-16,1Y,6M,0.007929016393442621,0.0027337704918032777
2024-10-16,2Y,3M,0.008161974921630096,0.003477335423197492
2024-10-16,2Y,6M,0.008076204379562043,0.0034439416058394162
2024-10-16,2Y,1Y,0.008150000000000001,0.0038
2024-10-23,6M,3M,0.009047555555555553,0.003974888888888889
2024-10-23,1Y,3M,0.008492014652014653,0.003357032967032967
2024-10-23,1Y,6M,0.008218797814207649,0.003053169398907103
2024-10-23,2Y,3M,0.008244858934169281,0.0035131974921630096
2024-10-23,2Y,6M,0.008113029197080292,0.0034373722627737222
2024-10-23,2Y,1Y,0.008060000000000001,0.00363
2024-10-30,6M,3M,0.009785555555555554,0.003878
2024-10-30,1Y,3M,0.008408424908424908,0.0034993040293040296
2024-10-30,1Y,6M,0.007731147540983604,0.0033130601092896178
2024-10-30,2Y,3M,0.008220532915360502,0.0036999373040752354
2024-10-30,2Y,6M,0.007963503649635035,0.003670693430656934
2024-10-30,2Y,1Y,0.00808,0.00385
2024-11-06,6M,3M,0.010006966292134831,0.003641685393258427
2024-11-06,1Y,3M,0.008321465201465202,0.0033846153846153852
2024-11-06,1Y,6M,0.007506195652173913,0.003260271739130435
2024-11-06,2Y,3M,0.008206206896551726,0.003702351097178684
2024-11-06,2Y,6M,0.007914280510018216,0.0037121857923497273
2024-11-06,2Y,1Y,0.00812,0.003940000000000001
2024-11-13,6M,3M,0.010505056179775282,0.0037651685393258415
2024-11-13,1Y,3M,0.008237875457875458,0.003608827838827838
2024-11-13,1Y,6M,0.007141250000000001,0.0035332065217391303
2024-11-13,2Y,3M,0.00819332288401254,0.004090062695924765
2024-11-13,2Y,6M,0.00781856102003643,0.0041427322404371586
2024-11-13,2Y,1Y,0.00816,0.00445
2024-11-20,6M,3M,0.010992808988764046,0.004434044943820224
2024-11-20,1Y,3M,0.008150915750915751,0.004186739926739927
2024-11-20,1Y,6M,0.006776304347826088,0.004067119565217393
2024-11-20,2Y,3M,0.008178996865203762,0.004594796238244514
2024-11-20,2Y,6M,0.007722841530054644,0.004620856102003643
2024-11-20,2Y,1Y,0.008199999999999999,0.0049
2024-11-27,6M,3M,0.01151123595505618,0.004002696629213484
2024-11-27,1Y,3M,0.008067326007326008,0.003957069597069597
2024-11-27,1Y,6M,0.006401521739130435,0.003934999999999999
2024-11-27,2Y,3M,0.008154670846394985,0.004382100313479624
2024-11-27,2Y,6M,0.007610528233151184,0.004443606557377049
2024-11-27,2Y,1Y,0.00822,0.0047
2024-12-04,6M,3M,0.014199565217391304,0.004899130434782609
2024-12-04,1Y,3M,0.009636545454545453,0.004616727272727272
2024-12-04,1Y,6M,0.007342568306010927,0.004474754098360656
2024-12-04,2Y,3M,0.0095871875,0.00491515625
2024-12-04,2Y,6M,0.008812846715328466,0.004917846715328467
2024-12-04,2Y,1Y,0.00955,0.00514
2024-12-11,6M,3M,0.01363630434782609,0.003405217391304349
2024-12-11,1Y,3M,0.009030363636363637,0.00405
2024-12-11,1Y,6M,0.006714808743169397,0.00437415300546448
2024-12-11,2Y,3M,0.009246875,0.0045975
2024-12-11,2Y,6M,0.008509963503649635,0.004797664233576642
2024-12-11,2Y,1Y,0.00941,0.00501
2024-12-18,6M,3M,0.014222173913043477,0.003161956521739132
2024-12-18,1Y,3M,0.008709454545454548,0.003782909090909091
2024-12-18,1Y,6M,0.005938032786885247,0.004095081967213114
2024-12-18,2Y,3M,0.00896640625,0.00432875
2024-12-18,2Y,6M,0.00808405109489051,0.004524635036496349
2024-12-18,2Y,1Y,0.00916,0.004739999999999999
2025-01-08,6M,3M,0.014886043956043957,0.0037580219780219784
2025-01-08,1Y,3M,0.008031636363636364,0.003346909090909091
2025-01-08,1Y,6M,0.004641684782608696,0.0031435869565217397
2025-01-08,2Y,3M,0.008173281249999999,0.0036281250000000003
2025-01-08,2Y,6M,0.007060601092896173,0.0036065938069216757
2025-01-08,2Y,1Y,0.00828,0.0038399999999999997
2025-01-15,6M,3M,0.012264175824175822,0.0013245054945054942
2025-01-15,1Y,3M,0.007908545454545455,0.003286363636363636
2025-01-15,1Y,6M,0.005754402173913045,0.004256630434782608
2025-01-15,2Y,3M,0.0082515625,0.00375609375
2025-01-15,2Y,6M,0.007586448087431694,0.004159143897996357
2025-01-15,2Y,1Y,0.00851,0.00411
2025-01-22,6M,3M,0.013649560439560438,0.0033638461538461535
2025-01-22,1Y,3M,0.008299272727272728,0.003914
2025-01-22,1Y,6M,0.005653206521739131,0.004186086956521741
2025-01-22,2Y,3M,0.008596250000000001,0.0042653125
2025-01-22,2Y,6M,0.007758633879781423,0.004414735883424408
2025-01-22,2Y,1Y,0.008820000000000001,0.004529999999999999
2025-01-29,6M,3M,0.012034065934065936,0.0021132967032967036
2025-01-29,1Y,3M,0.008751818181818182,0.004480181818181818
2025-01-29,1Y,6M,0.007128532608695653,0.005650760869565218
2025-01-29,2Y,3M,0.008921875000000001,0.00466828125
2025-01-29,2Y,6M,0.008406010928961748,0.005091785063752277
2025-01-29,2Y,1Y,0.009049999999999999,0.004809999999999999
2025-02-05,6M,3M,0.01322586956521739,0.004374891304347825
2025-02-05,1Y,3M,0.008928478260869566,0.004881594202898552
2025-02-05,1Y,6M,0.0067797826086956545,0.005134945652173915
2025-02-05,2Y,3M,0.00929946957878315,0.005159703588143526
2025-02-05,2Y,6M,0.008641493624772312,0.005291220400728598
2025-02-05,2Y,1Y,0.009579999999999998,0.005370000000000001
2025-02-12,6M,3M,0.012784891304347824,0.003911195652173911
2025-02-12,1Y,3M,0.009299528985507247,0.005163550724637682
2025-02-12,1Y,6M,0.007556847826086958,0.0057897282608695665
2025-02-12,2Y,3M,0.009538954758190329,0.005246942277691107
2025-02-12,2Y,6M,0.008995009107468123,0.005470783242258651
2025-02-12,2Y,1Y,0.00972,0.00531
2025-02-19,6M,3M,0.006328913043478258,0.0041422826086956535
2025-02-19,1Y,3M,0.006892463768115941,0.004967681159420289
2025-02-19,1Y,6M,0.007174239130434784,0.005380380434782608
2025-02-19,2Y,3M,0.008172262090483618,0.004860811232449298
2025-02-19,2Y,6M,0.008481165755919855,0.004981220400728598
2025-02-19,2Y,1Y,0.00914,0.00478
2025-02-26,6M,3M,0.006326739130434784,0.004477391304347827
2025-02-26,1Y,3M,0.006846702898550725,0.005034130434782608
2025-02-26,1Y,6M,0.007106684782608696,0.0053124999999999995
2025-02-26,2Y,3M,0.008300608424336975,0.005060249609984399
2025-02-26,2Y,6M,0.008631384335154828,0.005157923497267759
2025-02-26,2Y,1Y,0.0094,0.0050799999999999994
2025-03-05,6M,3M,0.005400000000000004,0.0038799999999999993
2025-03-05,1Y,3M,0.0068778388278388294,0.00502054945054945
2025-03-05,1Y,6M,0.007629005524861878,0.005600276243093922
2025-03-05,2Y,3M,0.008234952978056428,0.004980188087774296
2025-03-05,2Y,6M,0.008712637362637363,0.0051655677655677665
2025-03-05,2Y,1Y,0.009250000000000001,0.00495
2025-03-12,6M,3M,0.005559999999999996,0.004409999999999999
2025-03-12,1Y,3M,0.006948901098901098,0.004956739926739928
2025-03-12,1Y,6M,0.0076548618784530375,0.005234640883977902
2025-03-12,2Y,3M,0.008562852664576803,0.0051130721003134795
2025-03-12,2Y,6M,0.009068827838827839,0.005231538461538462
2025-03-12,2Y,1Y,0.009770000000000001,0.005229999999999999
2025-03-19,6M,3M,0.00503,0.00398
2025-03-19,1Y,3M,0.0063142490842490835,0.004255018315018316
2025-03-19,1Y,6M,0.006967016574585634,0.004394806629834255
2025-03-19,2Y,3M,0.0079594670846395,0.004521034482758621
2025-03-19,2Y,6M,0.008453076923076924,0.004612197802197802
2025-03-19,2Y,1Y,0.009190000000000002,0.004719999999999999
2025-03-26,6M,3M,0.006220000000000001,0.0053100000000000005
2025-03-26,1Y,3M,0.0064090842490842495,0.004241575091575092
2025-03-26,1Y,6M,0.0065051933701657455,0.0036985082872928177
2025-03-26,2Y,3M,0.008028652037617556,0.004543887147335423
2025-03-26,2Y,6M,0.008333406593406594,0.0044147985347985355
2025-03-26,2Y,1Y,0.00924,0.00477
2025-04-02,6M,3M,0.005249456521739129,0.0046464130434782595
2025-04-02,1Y,3M,0.007431277372262773,0.005117299270072993
2025-04-02,1Y,6M,0.008534175824175823,0.005355329670329672
2025-04-02,2Y,3M,0.008041737089201879,0.004513364632237871
2025-04-02,2Y,6M,0.008511371115173676,0.004490987202925046
2025-04-02,2Y,1Y,0.008500000000000002,0.004059999999999999
2025-04-09,6M,3M,0.0032075000000000016,0.0036599999999999996
2025-04-09,1Y,3M,0.007354160583941606,0.004675729927007299
2025-04-09,1Y,6M,0.009450274725274726,0.005189175824175825
2025-04-09,2Y,3M,0.007848732394366197,0.004238341158059468
2025-04-09,2Y,6M,0.008629341864716636,0.004335612431444241
2025-04-09,2Y,1Y,0.00822,0.00391
2025-04-16,6M,3M,0.003986086956521742,0.003674347826086956
2025-04-16,1Y,3M,0.007581094890510949,0.004992846715328468
2025-04-16,1Y,6M,0.009398351648351648,0.005659340659340661
2025-04-16,2Y,3M,0.007831799687010955,0.004305774647887324
2025-04-16,2Y,6M,0.008478610603290675,0.004411974405850091
2025-04-16,2Y,1Y,0.00802,0.00379
2025-04-23,6M,3M,0.0043327173913043455,0.0036356521739130433
2025-04-23,1Y,3M,0.007652445255474452,0.0047266058394160575
2025-04-23,1Y,6M,0.009330549450549452,0.0052780769230769235
2025-04-23,2Y,3M,0.008039467918622848,0.004482926447574334
2025-04-23,2Y,6M,0.00866290676416819,0.004625429616087751
2025-04-23,2Y,1Y,0.008329999999999999,0.0043
2025-04-30,6M,3M,0.00456467391304348,0.003952173913043478
2025-04-30,1Y,3M,0.007251678832116787,0.004140182481751824
2025-04-30,1Y,6M,0.008609945054945053,0.0042352197802197795
2025-04-30,2Y,3M,0.0077819405320813766,0.004254319248826291
2025-04-30,2Y,6M,0.00832305301645338,0.004305137111517367
2025-04-30,2Y,1Y,0.00818,0.00434
2025-05-07,6M,3M,0.00513,0.00342
2025-05-07,1Y,3M,0.007421501831501832,0.003880842490842491
2025-05-07,1Y,6M,0.008586243093922653,0.004115082872928178
2025-05-07,2Y,3M,0.007643761755485894,0.0040920376175548594
2025-05-07,2Y,6M,0.008067326007326008,0.004205274725274726
2025-05-07,2Y,1Y,0.00781,0.00425
2025-05-14,6M,3M,0.005730000000000001,0.00417
2025-05-14,1Y,3M,0.00787868131868132,0.004264322344322345
2025-05-14,1Y,6M,0.008970828729281769,0.004312265193370165
2025-05-14,2Y,3M,0.007822225705329155,0.004376269592476488
2025-05-14,2Y,6M,0.008174761904761905,0.004411025641025641
2025-05-14,2Y,1Y,0.00778,0.0044599999999999996
2025-05-21,6M,3M,0.00558,0.00405
2025-05-21,1Y,3M,0.008017289377289379,0.004160256410256411
2025-05-21,1Y,6M,0.009256132596685084,0.0042162983425414365
2025-05-21,2Y,3M,0.007995956112852665,0.004543416927899686
2025-05-21,2Y,6M,0.008403040293040294,0.004626556776556776
2025-05-21,2Y,1Y,0.007980000000000001,0.004829999999999999
2025-05-28,6M,3M,0.005960000000000002,0.00424
2025-05-28,1Y,3M,0.008245128205128205,0.004050146520146521
2025-05-28,1Y,6M,0.009406629834254143,0.003953646408839778
2025-05-28,2Y,3M,0.008104890282131662,0.004587836990595611
2025-05-28,2Y,6M,0.008466300366300366,0.004646446886446887
2025-05-28,2Y,1Y,0.008,0.0049900000000000005
2025-06-04,6M,3M,0.0055557142857142845,0.003601978021978022
2025-06-04,1Y,3M,0.008293699633699634,0.0038015384615384617
2025-06-04,1Y,6M,0.00966269230769231,0.0039013186813186816
2025-06-04,2Y,3M,0.00802269592476489,0.004441410658307211
2025-06-04,2Y,6M,0.00843310786106033,0.004581060329067643
2025-06-04,2Y,1Y,0.00782,0.004920000000000001
2025-06-11,6M,3M,0.005971538461538462,0.0035336263736263735
2025-06-11,1Y,3M,0.009167875457875459,0.0036721978021978024
2025-06-11,1Y,6M,0.010766043956043957,0.0037414835164835164
2025-06-11,2Y,3M,0.009294952978056426,0.004380344827586207
2025-06-11,2Y,6M,0.009847842778793418,0.004521206581352834
2025-06-11,2Y,1Y,0.009389999999999999,0.00491
2025-06-18,6M,3M,0.005591538461538461,0.003103516483516483
2025-06-18,1Y,3M,0.00898842490842491,0.0033691575091575094
2025-06-18,1Y,6M,0.010686868131868131,0.0035019780219780225
2025-06-18,2Y,3M,0.008926394984326019,0.003913134796238244
2025-06-18,2Y,6M,0.009481188299817186,0.00404782449725777
2025-06-18,2Y,1Y,0.008880000000000002,0.004319999999999999
2025-06-25,6M,3M,0.005685274725274725,0.0032763736263736265
2025-06-25,1Y,3M,0.008585604395604397,0.0030592673992673996
2025-06-25,1Y,6M,0.010035769230769232,0.0029507142857142857
2025-06-25,2Y,3M,0.008954263322884012,0.004020815047021943
2025-06-25,2Y,6M,0.009498098720292504,0.004144661791590494
2025-06-25,2Y,1Y,0.009229999999999999,0.004739999999999999
2025-07-02,6M,3M,0.005679999999999998,0.0037800000000000004
2025-07-02,1Y,3M,0.009007875457875458,0.0037040659340659347
2025-07-02,1Y,6M,0.010699392265193371,0.0036654696132596685
2025-07-02,2Y,3M,0.009112068965517242,0.004291003134796238
2025-07-02,2Y,6M,0.009690366300366302,0.004377106227106227
2025-07-02,2Y,1Y,0.00919,0.00473
2025-07-09,6M,3M,0.00548,0.0036499999999999996
2025-07-09,1Y,3M,0.008940256410256411,0.0037338461538461544
2025-07-09,1Y,6M,0.010699060773480663,0.0037764640883977906
2025-07-09,2Y,3M,0.00892294670846395,0.004217931034482759
2025-07-09,2Y,6M,0.009503076923076925,0.004313626373626374
2025-07-09,2Y,1Y,0.008910000000000001,0.00458
2025-07-16,6M,3M,0.005549999999999999,0.0037499999999999994
2025-07-16,1Y,3M,0.009404945054945057,0.004068534798534799
2025-07-16,1Y,6M,0.01136436464088398,0.004230441988950276
2025-07-16,2Y,3M,0.009178996865203761,0.00434398119122257
2025-07-16,2Y,6M,0.009790476190476191,0.0044440659340659345
2025-07-16,2Y,1Y,0.009009999999999999,0.00455
2025-07-23,6M,3M,0.00638,0.004379999999999999
2025-07-23,1Y,3M,0.009441794871794872,0.004010915750915751
2025-07-23,1Y,6M,0.010998066298342542,0.003823314917127072
2025-07-23,2Y,3M,0.009274858934169279,0.004393699059561129
2025-07-23,2Y,6M,0.009762637362637364,0.0043960073260073266
2025-07-23,2Y,1Y,0.00915,0.00468
2025-07-30,6M,3M,0.006960000000000001,0.00535
2025-07-30,1Y,3M,0.009654065934065934,0.0043609157509157505
2025-07-30,1Y,6M,0.01102342541436464,0.0038581767955801097
2025-07-30,2Y,3M,0.009989278996865202,0.005109843260188087
2025-07-30,2Y,6M,0.010499706959706959,0.005069377289377289
2025-07-30,2Y,1Y,0.010239999999999999,0.00567
2025-08-06,6M,3M,0.006619999999999998,0.0049499999999999995
2025-08-06,1Y,3M,0.009874945054945057,0.004367545787545788
2025-08-06,1Y,6M,0.011529392265193372,0.004071491712707182
2025-08-06,2Y,3M,0.009717648902821317,0.004672163009404389
2025-08-06,2Y,6M,0.01023959706959707,0.0046253479853479865
2025-08-06,2Y,1Y,0.009600000000000001,0.004900000000000001
2025-08-13,6M,3M,0.00793,0.00525
2025-08-13,1Y,3M,0.009691355311355314,0.004293956043956044
2025-08-13,1Y,6M,0.010586629834254143,0.0038080110497237573
2025-08-13,2Y,3M,0.009810721003134796,0.004875235109717868
2025-08-13,2Y,6M,0.010127619047619048,0.004812087912087913
2025-08-13,2Y,1Y,0.009899999999999999,0.00531
2025-08-20,6M,3M,0.00877,0.0061
2025-08-20,1Y,3M,0.009865164835164836,0.004618095238095238
2025-08-20,1Y,6M,0.01042182320441989,0.0038648618784530376
2025-08-20,2Y,3M,0.009879373040752351,0.005076865203761755
2025-08-20,2Y,6M,0.010066300366300367,0.004904468864468864
2025-08-20,2Y,1Y,0.009890000000000001,0.0054199999999999995
2025-08-27,6M,3M,0.00823,0.00616
2025-08-27,1Y,3M,0.009780989010989012,0.004736446886446887
2025-08-27,1Y,6M,0.010569337016574585,0.004012872928176796
2025-08-27,2Y,3M,0.00983191222570533,0.005121786833855799
2025-08-27,2Y,6M,0.010101831501831502,0.0049468498168498175
2025-08-27,2Y,1Y,0.00987,0.005410000000000001
2025-09-03,6M,3M,0.008423777777777777,0.006506666666666667
2025-09-03,1Y,3M,0.009873065693430657,0.004795474452554745
2025-09-03,1Y,6M,0.010581956521739133,0.003958478260869566
2025-09-03,2Y,3M,0.009939859154929577,0.005169342723004695
2025-09-03,2Y,6M,0.010188397085610201,0.0049501092896174865
2025-09-03,2Y,1Y,0.00999,0.00545
2025-09-10,6M,3M,0.008524777777777779,0.006869111111111111
2025-09-10,1Y,3M,0.009633211678832116,0.004688832116788321
2025-09-10,1Y,6M,0.01017538043478261,0.0036223913043478256
2025-09-10,2Y,3M,0.010099765258215963,0.005420641627543036
2025-09-10,2Y,6M,0.010357959927140257,0.005183187613843352
2025-09-10,2Y,1Y,0.010450000000000001,0.0059700000000000005
2025-09-17,6M,3M,0.008155666666666665,0.006479888888888888
2025-09-17,1Y,3M,0.009316350364963503,0.0043719708029197075
2025-09-17,1Y,6M,0.009884076086956522,0.003340923913043479
2025-09-17,2Y,3M,0.009798247261345852,0.005107699530516431
2025-09-17,2Y,6M,0.01006752276867031,0.0048827504553734065
2025-09-17,2Y,1Y,0.01016,0.00566
2025-09-24,6M,3M,0.009207333333333331,0.006856333333333333
2025-09-24,1Y,3M,0.009360328467153286,0.004419525547445256
2025-09-24,1Y,6M,0.009435163043478263,0.0032276086956521755
2025-09-24,2Y,3M,0.009725712050078246,0.005076682316118936
2025-09-24,2Y,6M,0.009810692167577415,0.004784936247723134
2025-09-24,2Y,1Y,0.01,0.00557
2025-10-01,6M,3M,0.009135777777777779,0.0068595555555555545
2025-10-01,1Y,3M,0.00940967032967033,0.004464139194139194
2025-10-01,1Y,6M,0.009544371584699453,0.0032860655737704915
2025-10-01,2Y,3M,0.009724514106583072,0.005131128526645767
2025-10-01,2Y,6M,0.009821204379562043,0.004847262773722627
2025-10-01,2Y,1Y,0.00996,0.00563
2025-10-08,6M,3M,0.009082666666666666,0.006715111111111111
2025-10-08,1Y,3M,0.009439120879120879,0.004710769230769231
2025-10-08,1Y,6M,0.009614426229508196,0.0037250273224043715
2025-10-08,2Y,3M,0.009611253918495297,0.005242382445141066
2025-10-08,2Y,6M,0.009698065693430657,0.005000510948905109
2025-10-08,2Y,1Y,0.009739999999999999,0.005639999999999999
2025-10-15,6M,3M,0.007411333333333333,0.004557555555555556
2025-10-15,1Y,3M,0.00894871794871795,0.003872527472527472
2025-10-15,1Y,6M,0.009704808743169398,0.003535628415300545
2025-10-15,2Y,3M,0.009618808777429468,0.004952351097178683
2025-10-15,2Y,6M,0.009981350364963504,0.0050171897810218965
2025-10-15,2Y,1Y,0.01012,0.0057599999999999995
2025-10-22,6M,3M,0.00843088888888889,0.0045491111111111105
2025-10-22,1Y,3M,0.009192307692307694,0.004217216117216118
2025-10-22,1Y,6M,0.009566775956284152,0.004053989071038252
2025-10-22,2Y,3M,0.009517084639498432,0.004893887147335424
2025-10-22,2Y,6M,0.009695474452554743,0.004950510948905109
2025-10-22,2Y,1Y,0.00976,0.005399999999999999
2025-10-29,6M,3M,0.009036666666666667,0.004404666666666667
2025-10-29,1Y,3M,0.009031648351648354,0.004049377289377289
2025-10-29,1Y,6M,0.009029180327868853,0.0038746448087431692
2025-10-29,2Y,3M,0.009459780564263323,0.004822068965517242
2025-10-29,2Y,6M,0.0095292700729927,0.004890620437956204
2025-10-29,2Y,1Y,0.009779999999999999,0.0054
2025-11-05,6M,3M,0.010990224719101122,0.004168876404494383
2025-11-05,1Y,3M,0.00913655677655678,0.004002747252747253
2025-11-05,1Y,6M,0.008239945652173916,0.0039223913043478255
2025-11-05,2Y,3M,0.009550438871473355,0.004796394984326019
2025-11-05,2Y,6M,0.009317030965391623,0.004898123861566484
2025-11-05,2Y,1Y,0.00986,0.00539
2025-11-12,6M,3M,0.014905617977528091,0.004536629213483146
2025-11-12,1Y,3M,0.009173406593406595,0.004036446886446886
2025-11-12,1Y,6M,0.006400760869565217,0.003794510869565217
2025-11-12,2Y,3M,0.009428902821316613,0.004673510971786835
2025-11-12,2Y,6M,0.008541056466302368,0.004695701275045538
2025-11-12,2Y,1Y,0.00962,0.005150000000000001
2025-11-19,6M,3M,0.015974606741573034,0.00445191011235955
2025-11-19,1Y,3M,0.008765860805860807,0.0037016483516483516
2025-11-19,1Y,6M,0.005279021739130437,0.0033387500000000006
2025-11-19,2Y,3M,0.009449028213166144,0.0046217868338558005
2025-11-19,2Y,6M,0.008391147540983607,0.004649326047358835
2025-11-19,2Y,1Y,0.00996,0.0053100000000000005
2025-11-26,6M,3M,0.015273932584269666,0.0038234831460674163
2025-11-26,1Y,3M,0.009001648351648354,0.003822307692307693
2025-11-26,1Y,6M,0.005967771739130435,0.0038217391304347834
2025-11-26,2Y,3M,0.009338244514106586,0.0045017868338558
2025-11-26,2Y,6M,0.0083759927140255,0.004611748633879782
2025-11-26,2Y,1Y,0.009590000000000001,0.00501
2025-12-03,6M,3M,0.014944347826086958,0.003669565217391304
2025-12-03,1Y,3M,0.008816545454545455,0.0036921818181818175
2025-12-03,1Y,6M,0.005735901639344262,0.003703551912568305
2025-12-03,2Y,3M,0.009189218750000002,0.004363906250000001
2025-12-03,2Y,6M,0.008223029197080293,0.0044804744525547445
2025-12-03,2Y,1Y,0.009470000000000001,0.004870000000000001
2025-12-10,6M,3M,0.014809782608695653,0.0033669565217391297
2025-12-10,1Y,3M,0.008837272727272728,0.0036963636363636365
2025-12-10,1Y,6M,0.005834699453551912,0.0038619672131147537
2025-12-10,2Y,3M,0.009027031250000001,0.004177500000000001
2025-12-10,2Y,6M,0.008056204379562044,0.004313576642335767
2025-12-10,2Y,1Y,0.009170000000000001,0.004540000000000001
2025-12-17,6M,3M,0.014019130434782605,0.0025267391304347815
2025-12-17,1Y,3M,0.008260181818181818,0.003096
2025-12-17,1Y,6M,0.005364972677595629,0.003382185792349727
2025-12-17,2Y,3M,0.008870312500000001,0.00396515625
2025-12-17,2Y,6M,0.008005912408759126,0.004206642335766423
2025-12-17,2Y,1Y,0.009330000000000001,0.004619999999999999
2026-01-07,6M,3M,0.014581318681318681,0.003421538461538461
2026-01-07,1Y,3M,0.00830509090909091,0.0034743636363636365
2026-01-07,1Y,6M,0.005201086956521739,0.0035004891304347835
2026-01-07,2Y,3M,0.008541718750000002,0.003985156250000001
2026-01-07,2Y,6M,0.007540619307832424,0.004078579234972678
2026-01-07,2Y,1Y,0.008720000000000002,0.004370000000000001
2026-01-14,6M,3M,0.014067142857142856,0.003631318681318681
2026-01-14,1Y,3M,0.008181454545454546,0.0036576363636363638
2026-01-14,1Y,6M,0.005270597826086958,0.0036706521739130445
2026-01-14,2Y,3M,0.008705312500000001,0.0043034375
2026-01-14,2Y,6M,0.007816557377049182,0.004414845173041895
2026-01-14,2Y,1Y,0.0091,0.004790000000000001
2026-01-21,6M,3M,0.013337142857142856,0.004017582417582417
2026-01-21,1Y,3M,0.007828,0.003659636363636364
2026-01-21,1Y,6M,0.005103369565217393,0.003482608695652174
2026-01-21,2Y,3M,0.008439374999999999,0.00420734375
2026-01-21,2Y,6M,0.007627540983606558,0.004238797814207651
2026-01-21,2Y,1Y,0.008899999999999998,0.00462
2026-01-28,6M,3M,0.012790329670329672,0.004114175824175824
2026-01-28,1Y,3M,0.007645636363636364,0.003750181818181818
2026-01-28,1Y,6M,0.005101250000000001,0.003570163043478261
2026-01-28,2Y,3M,0.008560625,0.004371718750000001
2026-01-28,2Y,6M,0.007859526411657559,0.004414408014571949
2026-01-28,2Y,1Y,0.009250000000000001,0.0048400000000000006
2026-02-04,6M,3M,0.011369782608695651,0.003795
2026-02-04,1Y,3M,0.00721590579710145,0.0037892753623188407
2026-02-04,1Y,6M,0.0051389673913043495,0.0037864130434782607
2026-02-04,2Y,3M,0.008317223088923556,0.004359110764430576
2026-02-04,2Y,6M,0.007805683060109289,0.004453642987249544
2026-02-04,2Y,1Y,0.009149999999999998,0.004789999999999999
2026-02-11,6M,3M,0.006900108695652174,0.0036025000000000007
2026-02-11,1Y,3M,0.00565322463768116,0.003639311594202899
2026-02-11,1Y,6M,0.005029782608695653,0.0036577173913043483
2026-02-11,2Y,3M,0.007701310452418097,0.0042546801872074885
2026-02-11,2Y,6M,0.007835573770491804,0.004363970856102004
2026-02-11,2Y,1Y,0.009250000000000001,0.00472
2026-02-18,6M,3M,0.005544565217391303,0.003581195652173913
2026-02-18,1Y,3M,0.00550873188405797,0.0036583333333333337
2026-02-18,1Y,6M,0.005490815217391305,0.003696902173913044
2026-02-18,2Y,3M,0.007491045241809672,0.004245787831513261
2026-02-18,2Y,6M,0.007817231329690347,0.004357158469945356
2026-02-18,2Y,1Y,0.008990000000000001,0.004690000000000001
2026-02-25,6M,3M,0.005421739130434782,0.003523804347826087
2026-02-25,1Y,3M,0.005448442028985507,0.003586413043478261
2026-02-25,1Y,6M,0.005461793478260871,0.003617717391304348
2026-02-25,2Y,3M,0.007459391575663027,0.004220514820592824
2026-02-25,2Y,6M,0.0078008561020036435,0.004337267759562842
2026-02-25,2Y,1Y,0.008979999999999998,0.004699999999999999
2026-03-04,6M,3M,0.004669999999999998,0.00315
2026-03-04,1Y,3M,0.005234322344322344,0.0033923076923076927
2026-03-04,1Y,6M,0.005521160220994475,0.0035154696132596685
2026-03-04,2Y,3M,0.007304053208137716,0.003945649452269171
2026-03-04,2Y,6M,0.0077470749542961626,0.004079469835466179
2026-03-04,2Y,1Y,0.008847868852459018,0.004358387978142077
2026-03-11,6M,3M,0.004500000000000001,0.0030900000000000003
2026-03-11,1Y,3M,0.0052933699633699646,0.003488534798534799
2026-03-11,1Y,6M,0.005696629834254143,0.0036911049723756906
2026-03-11,2Y,3M,0.0070660406885759,0.0037406729264475745
2026-03-11,2Y,6M,0.007497623400365631,0.0038501096892138943
2026-03-11,2Y,1Y,0.008388278688524592,0.0039287431693989065
2026-03-18,6M,3M,0.003840000000000001,0.0024200000000000003
2026-03-18,1Y,3M,0.004700329670329671,0.0028723443223443224
2026-03-18,1Y,6M,0.005137624309392266,0.0031022651933701657
2026-03-18,2Y,3M,0.006686353677621284,0.0033281846635367764
2026-03-18,2Y,6M,0.007165082266910421,0.0034809323583180995
2026-03-18,2Y,1Y,0.008167732240437158,0.0036681967213114757
2026-03-25,6M,3M,0.004000000000000001,0.00268
2026-03-25,1Y,3M,0.0045931135531135535,0.002744908424908425
2026-03-25,1Y,6M,0.004894585635359115,0.002777900552486188
2026-03-25,2Y,3M,0.0069088575899843505,0.0035077308294209704
2026-03-25,2Y,6M,0.007398098720292504,0.003646946983546618
2026-03-25,2Y,1Y,0.008636174863387977,0.00407672131147541
2026-04-01,6M,3M,0.003048260869565218,0.0013177173913043476
2026-04-01,1Y,3M,0.004868065693430656,0.0030397080291970804
2026-04-01,1Y,6M,0.0057879670329670325,0.0039101648351648356
2026-04-01,2Y,3M,0.007274484375,0.0039014531250000004
2026-04-01,2Y,6M,0.007983996350364963,0.0043352189781021904
2026-04-01,2Y,1Y,0.00907601092896175,0.004546584699453553
2026-04-08,6M,3M,0.003806739130434783,0.0021880434782608695
2026-04-08,1Y,3M,0.005401350364963503,0.00357007299270073
2026-04-08,1Y,6M,0.006207417582417583,0.004268681318681319
2026-04-08,2Y,3M,0.00717196875,0.003894859375
2026-04-08,2Y,6M,0.007736934306569344,0.004181405109489051
2026-04-08,2Y,1Y,0.008497513661202187,0.004138005464480874
2026-04-15,6M,3M,0.003578152173913043,0.0018625
2026-04-15,1Y,3M,0.005258175182481751,0.0033940145985401457
2026-04-15,1Y,6M,0.0061074175824175824,0.004168186813186814
2026-04-15,2Y,3M,0.00738471875,0.00403078125
2026-04-15,2Y,6M,0.008023777372262774,0.004394799270072993
2026-04-15,2Y,1Y,0.00897672131147541,0.004507486338797814
2026-04-22,6M,3M,0.004655978260869565,0.0032558695652173905
2026-04-22,1Y,3M,0.0056534306569343065,0.0033608759124087594
2026-04-22,1Y,6M,0.006157637362637363,0.003413956043956044
2026-04-22,2Y,3M,0.007296953124999999,0.0038567031250000003
2026-04-22,2Y,6M,0.007740328467153284,0.00395757299270073
2026-04-22,2Y,1Y,0.008527349726775955,0.004227896174863389
