date,maturity,cofDiv100pct,cofDivMarket
2024-04-03,3M,0.005411137198639654,0.005411137198639654
2024-04-03,6M,0.005400998756512713,0.005400998756512713
2024-04-03,1Y,0.005862048598129868,0.005862048598129868
2024-04-03,2Y,0.005846952786237905,0.005846952786237905
2024-04-10,3M,0.005410641206225861,0.005410641206225861
2024-04-10,6M,0.005526070545496154,0.005526070545496154
2024-04-10,1Y,0.006142576941148561,0.006142576941148561
2024-04-10,2Y,0.005890889496400549,0.005890889496400549
2024-04-17,3M,0.005259844985491077,0.005259844985491077
2024-04-17,6M,0.005491569718627503,0.005491569718627503
2024-04-17,1Y,0.006223525167387229,0.006223525167387229
2024-04-17,2Y,0.005964335054863316,0.005964335054863316
2024-04-24,3M,0.005196031986179476,0.005196031986179476
2024-04-24,6M,0.005579414864250707,0.005579414864250707
2024-04-24,1Y,0.006187536345912393,0.006187536345912393
2024-04-24,2Y,0.006119404951783283,0.006119404951783283
2024-05-01,3M,0.004075963824938589,0.004075963824938589
2024-05-01,6M,0.004930606196573117,0.004930606196573117
2024-05-01,1Y,0.0058014950102169985,0.0058014950102169985
2024-05-01,2Y,0.005778791374868247,0.005778791374868247
2024-05-08,3M,0.004237940156904447,0.004237940156904447
2024-05-08,6M,0.004991243295646615,0.004991243295646615
2024-05-08,1Y,0.005617806203171557,0.005617806203171557
2024-05-08,2Y,0.005767764095442491,0.005767764095442491
2024-05-15,3M,0.004803008321156511,0.004803008321156511
2024-05-15,6M,0.005441703738423055,0.005441703738423055
2024-05-15,1Y,0.006082842334367825,0.006082842334367825
2024-05-15,2Y,0.006066451512382567,0.006066451512382567
2024-05-22,3M,0.006507224750725859,0.006507224750725859
2024-05-22,6M,0.006411169377712227,0.006411169377712227
2024-05-22,1Y,0.006715271796623632,0.006715271796623632
2024-05-22,2Y,0.006506073647712803,0.006506073647712803
2024-05-29,3M,0.007205349652053028,0.007205349652053028
2024-05-29,6M,0.006759238858522512,0.006759238858522512
2024-05-29,1Y,0.006911988204145691,0.006911988204145691
2024-05-29,2Y,0.006612357798321675,0.006612357798321675
2024-06-05,3M,0.007530788418773584,0.007530788418773584
2024-06-05,6M,0.007216216153411763,0.007216216153411763
2024-06-05,1Y,0.007413899778150685,0.007413899778150685
2024-06-05,2Y,0.007057989058345389,0.007057989058345389
2024-06-12,3M,0.007184288662144494,0.007184288662144494
2024-06-12,6M,0.007096394587924233,0.007096394587924233
2024-06-12,1Y,0.007324373289675835,0.007324373289675835
2024-06-12,2Y,0.007100638351620685,0.007100638351620685
2024-06-26,3M,0.008571981041335823,0.008571981041335823
2024-06-26,6M,0.007951113105297399,0.007951113105297399
2024-06-26,1Y,0.0077897334190203185,0.0077897334190203185
2024-06-26,2Y,0.007643354783239249,0.007643354783239249
2024-07-03,3M,0.006764353706750138,0.006764353706750138
2024-07-03,6M,0.00731572857813992,0.00731572857813992
2024-07-03,1Y,0.007315108286495096,0.007315108286495096
2024-07-03,2Y,0.007188208333654162,0.007188208333654162
2024-07-10,3M,0.006506512621012287,0.006506512621012287
2024-07-10,6M,0.00712121673391994,0.00712121673391994
2024-07-10,1Y,0.00713522517462442,0.00713522517462442
2024-07-10,2Y,0.00695942771490629,0.00695942771490629
2024-07-17,3M,0.007196251111024597,0.007196251111024597
2024-07-17,6M,0.008043107801299165,0.008043107801299165
2024-07-17,1Y,0.007498860535714265,0.007498860535714265
2024-07-17,2Y,0.0071512241896080206,0.0071512241896080206
2024-07-24,3M,0.0072438053529987785,0.0072438053529987785
2024-07-24,6M,0.008224183166378794,0.008224183166378794
2024-07-24,1Y,0.007490297839242639,0.007490297839242639
2024-07-24,2Y,0.007212135035407846,0.007212135035407846
2024-07-31,3M,0.007648613175017761,0.007648613175017761
2024-07-31,6M,0.008532675472400346,0.008532675472400346
2024-07-31,1Y,0.007697738617898369,0.007697738617898369
2024-07-31,2Y,0.007356032648306613,0.007356032648306613
2024-08-07,3M,0.006005622310789688,0.006005622310789688
2024-08-07,6M,0.00713856282750922,0.00713856282750922
2024-08-07,1Y,0.0069063872726271465,0.0069063872726271465
2024-08-07,2Y,0.006769134741976147,0.006769134741976147
2024-08-14,3M,0.005408408641310086,0.005408408641310086
2024-08-14,6M,0.007176008836455795,0.007176008836455795
2024-08-14,1Y,0.006981317780082472,0.006981317780082472
2024-08-14,2Y,0.006939377515745239,0.006939377515745239
2024-08-21,3M,0.005781716875897391,0.005781716875897391
2024-08-21,6M,0.007146147066138337,0.007146147066138337
2024-08-21,1Y,0.007041043769066256,0.007041043769066256
2024-08-21,2Y,0.007064283063726434,0.007064283063726434
2024-08-28,3M,0.0067784562730065084,0.0067784562730065084
2024-08-28,6M,0.00729124968203468,0.00729124968203468
2024-08-28,1Y,0.007146696050925554,0.007146696050925554
2024-08-28,2Y,0.007058112584010047,0.007058112584010047
2024-09-04,3M,0.006708459897177554,0.006708459897177554
2024-09-04,6M,0.007631847926053864,0.007631847926053864
2024-09-04,1Y,0.0073412277553623504,0.0073412277553623504
2024-09-04,2Y,0.0072000186610767574,0.0072000186610767574
2024-09-11,3M,0.006212433535566424,0.006212433535566424
2024-09-11,6M,0.007633993217800887,0.007633993217800887
2024-09-11,1Y,0.0072237485951372055,0.0072237485951372055
2024-09-11,2Y,0.007124512596473913,0.007124512596473913
2024-09-18,3M,0.007372628383763203,0.007372628383763203
2024-09-18,6M,0.0076559883208367745,0.0076559883208367745
2024-09-18,1Y,0.00718124033646014,0.00718124033646014
2024-09-18,2Y,0.0073036507529454335,0.0073036507529454335
2024-09-25,3M,0.007636509819379387,0.007636509819379387
2024-09-25,6M,0.0081335341874778,0.0081335341874778
2024-09-25,1Y,0.007408511655897091,0.007408511655897091
2024-09-25,2Y,0.007468672727974489,0.007468672727974489
2024-10-02,3M,0.007408293224695933,0.007408293224695933
2024-10-02,6M,0.00799180459516098,0.00799180459516098
2024-10-02,1Y,0.007470128282529976,0.007470128282529976
2024-10-02,2Y,0.007555984637442786,0.007555984637442786
2024-10-09,3M,0.008513751606342155,0.008513751606342155
2024-10-09,6M,0.008231466988859525,0.008231466988859525
2024-10-09,1Y,0.007710969999638868,0.007710969999638868
2024-10-09,2Y,0.00781339109100209,0.00781339109100209
2024-10-16,3M,0.010183138471778605,0.010183138471778605
2024-10-16,6M,0.00879586940061359,0.00879586940061359
2024-10-16,1Y,0.008206631659476545,0.008206631659476545
2024-10-16,2Y,0.00821182332508163,0.00821182332508163
2024-10-23,3M,0.010152340486668555,0.010152340486668555
2024-10-23,6M,0.009016742882543931,0.009016742882543931
2024-10-23,1Y,0.008212081920856252,0.008212081920856252
2024-10-23,2Y,0.008165757711841587,0.008165757711841587
2024-10-30,3M,0.012310825383457999,0.012310825383457999
2024-10-30,6M,0.009976028204220033,0.009976028204220033
2024-10-30,1Y,0.008907217589910437,0.008907217589910437
2024-10-30,2Y,0.008686317242922929,0.008686317242922929
2024-11-06,3M,0.012921005050716122,0.012921005050716122
2024-11-06,6M,0.010631044724732893,0.010631044724732893
2024-11-06,1Y,0.009196736666817354,0.009196736666817354
2024-11-06,2Y,0.009015035742641024,0.009015035742641024
2024-11-13,3M,0.014374487923110161,0.014374487923110161
2024-11-13,6M,0.011851960779282834,0.011851960779282834
2024-11-13,1Y,0.010225555851947937,0.010225555851947937
2024-11-13,2Y,0.009779947643118729,0.009779947643118729
2024-11-20,3M,0.012729184408983777,0.012729184408983777
2024-11-20,6M,0.01036727828416811,0.01036727828416811
2024-11-20,1Y,0.009296984819524193,0.009296984819524193
2024-11-20,2Y,0.00914253102931514,0.00914253102931514
2024-11-27,3M,0.013145703209632409,0.013145703209632409
2024-11-27,6M,0.01114256104246589,0.01114256104246589
2024-11-27,1Y,0.010105785846914466,0.010105785846914466
2024-11-27,2Y,0.00992911359118462,0.00992911359118462
2024-12-04,3M,0.013907588458382308,0.013907588458382308
2024-12-04,6M,0.011763443100436605,0.011763443100436605
2024-12-04,1Y,0.010551010592626,0.010551010592626
2024-12-04,2Y,0.010337734166508029,0.010337734166508029
2024-12-11,3M,0.01434061579930441,0.01434061579930441
2024-12-11,6M,0.01152244087414423,0.01152244087414423
2024-12-11,1Y,0.009821375316580054,0.009821375316580054
2024-12-11,2Y,0.009519544292565662,0.009519544292565662
2024-12-18,3M,0.015655664301647214,0.015655664301647214
2024-12-18,6M,0.012255748967881586,0.012255748967881586
2024-12-18,1Y,0.010357528281724709,0.010357528281724709
2024-12-18,2Y,0.009661410620462234,0.009661410620462234
2025-01-08,3M,0.006246589876964311,0.006246589876964311
2025-01-08,6M,0.0070173473465341115,0.0070173473465341115
2025-01-08,1Y,0.007423141889280252,0.007423141889280252
2025-01-08,2Y,0.007500363671545265,0.007500363671545265
2025-01-15,3M,0.007238022060776119,0.007238022060776119
2025-01-15,6M,0.007246103724101246,0.007246103724101246
2025-01-15,1Y,0.007375687682592215,0.007375687682592215
2025-01-15,2Y,0.007503651406013194,0.007503651406013194
2025-01-22,3M,0.0065265390255287515,0.0065265390255287515
2025-01-22,6M,0.007072751975788817,0.007072751975788817
2025-01-22,1Y,0.00764443838592967,0.00764443838592967
2025-01-22,2Y,0.008110353993127251,0.008110353993127251
2025-01-29,3M,0.006354796403048843,0.006354796403048843
2025-01-29,6M,0.006970459901818861,0.006970459901818861
2025-01-29,1Y,0.00771505144971606,0.00771505144971606
2025-01-29,2Y,0.008023419160226574,0.008023419160226574
2025-02-05,3M,0.006334934716441298,0.006334934716441298
2025-02-05,6M,0.007038447232578863,0.007038447232578863
2025-02-05,1Y,0.00784397315566488,0.00784397315566488
2025-02-05,2Y,0.007729988846208255,0.007729988846208255
2025-02-12,3M,0.006154553412670145,0.006154553412670145
2025-02-12,6M,0.00676678429214641,0.00676678429214641
2025-02-12,1Y,0.007401814209384912,0.007401814209384912
2025-02-12,2Y,0.007350714049436329,0.007350714049436329
2025-02-19,3M,0.006103854372926671,0.006103854372926671
2025-02-19,6M,0.006668936600443979,0.006668936600443979
2025-02-19,1Y,0.007371389227863616,0.007371389227863616
2025-02-19,2Y,0.007438546639097996,0.007438546639097996
2025-02-26,3M,0.006824586076152268,0.006824586076152268
2025-02-26,6M,0.006987541526104369,0.006987541526104369
2025-02-26,1Y,0.007290025625267661,0.007290025625267661
2025-02-26,2Y,0.007449055849042392,0.007449055849042392
2025-03-05,3M,0.0064704501855527225,0.0064704501855527225
2025-03-05,6M,0.006952702056851954,0.006952702056851954
2025-03-05,1Y,0.00743763769751918,0.00743763769751918
2025-03-05,2Y,0.0074233492367851515,0.0074233492367851515
2025-03-12,3M,0.006599625954121969,0.006599625954121969
2025-03-12,6M,0.006544979969640449,0.006544979969640449
2025-03-12,1Y,0.007080968518384274,0.007080968518384274
2025-03-12,2Y,0.007162661960541651,0.007162661960541651
2025-03-19,3M,0.006108043162252405,0.006108043162252405
2025-03-19,6M,0.006370372060546595,0.006370372060546595
2025-03-19,1Y,0.006774720735458834,0.006774720735458834
2025-03-19,2Y,0.006942873953339031,0.006942873953339031
2025-03-26,3M,0.005199186601273112,0.005199186601273112
2025-03-26,6M,0.005917337577033395,0.005917337577033395
2025-03-26,1Y,0.006323694630873886,0.006323694630873886
2025-03-26,2Y,0.0064676898602639326,0.0064676898602639326
2025-04-02,3M,0.004954406853765097,0.004954406853765097
2025-04-02,6M,0.005253855306839585,0.005253855306839585
2025-04-02,1Y,0.006114228985895868,0.006114228985895868
2025-04-02,2Y,0.006297368655655206,0.006297368655655206
2025-04-09,3M,0.004983097391769491,0.004983097391769491
2025-04-09,6M,0.005265610777396231,0.005265610777396231
2025-04-09,1Y,0.006237767717141965,0.006237767717141965
2025-04-09,2Y,0.006610610171516122,0.006610610171516122
2025-04-16,3M,0.004264939374950062,0.004264939374950062
2025-04-16,6M,0.005045665045622602,0.005045665045622602
2025-04-16,1Y,0.006162662459564185,0.006162662459564185
2025-04-16,2Y,0.006703984263278864,0.006703984263278864
2025-04-23,3M,0.004524504842480137,0.004524504842480137
2025-04-23,6M,0.005078052336723304,0.005078052336723304
2025-04-23,1Y,0.006196453799823805,0.006196453799823805
2025-04-23,2Y,0.006730643948527537,0.006730643948527537
2025-04-30,3M,0.0035810086192696274,0.0035810086192696274
2025-04-30,6M,0.0046519079195712024,0.0046519079195712024
2025-04-30,1Y,0.005947083486653108,0.005947083486653108
2025-04-30,2Y,0.006593996407026773,0.006593996407026773
2025-05-07,3M,0.0027235433037909804,0.0027235433037909804
2025-05-07,6M,0.003913559553264837,0.003913559553264837
2025-05-07,1Y,0.0051615238149005024,0.0051615238149005024
2025-05-07,2Y,0.006201542255714267,0.006201542255714267
2025-05-14,3M,0.003976140425913183,0.003976140425913183
2025-05-14,6M,0.005105353988919867,0.005105353988919867
2025-05-14,1Y,0.006170001922069349,0.006170001922069349
2025-05-14,2Y,0.006834937707404946,0.006834937707404946
2025-05-21,3M,0.004228880807406797,0.004228880807406797
2025-05-21,6M,0.005294199869656617,0.005294199869656617
2025-05-21,1Y,0.006479169120902844,0.006479169120902844
2025-05-21,2Y,0.006973976415290019,0.006973976415290019
2025-05-28,3M,0.004282807656386664,0.004282807656386664
2025-05-28,6M,0.005314943808812864,0.005314943808812864
2025-05-28,1Y,0.0064311179627887,0.0064311179627887
2025-05-28,2Y,0.0070517837293755155,0.0070517837293755155
2025-06-04,3M,0.004470094704614276,0.004470094704614276
2025-06-04,6M,0.005134425356342787,0.005134425356342787
2025-06-04,1Y,0.006385576707939267,0.006385576707939267
2025-06-04,2Y,0.007046902426840235,0.007046902426840235
2025-06-11,3M,0.003933858332470866,0.003933858332470866
2025-06-11,6M,0.00433166581423399,0.00433166581423399
2025-06-11,1Y,0.005794943534394113,0.005794943534394113
2025-06-11,2Y,0.006672101447161737,0.006672101447161737
2025-06-18,3M,0.004441133632495271,0.004441133632495271
2025-06-18,6M,0.004486912610736464,0.004486912610736464
2025-06-18,1Y,0.005816775893160324,0.005816775893160324
2025-06-18,2Y,0.00662198664628517,0.00662198664628517
2025-06-25,3M,0.00470868966978245,0.00470868966978245
2025-06-25,6M,0.005212814857995988,0.005212814857995988
2025-06-25,1Y,0.006121545027226957,0.006121545027226957
2025-06-25,2Y,0.007008312676827988,0.007008312676827988
2025-07-02,3M,0.004509146783770567,0.004509146783770567
2025-07-02,6M,0.0055809919725592315,0.0055809919725592315
2025-07-02,1Y,0.006242906696361308,0.006242906696361308
2025-07-02,2Y,0.006952138754495947,0.006952138754495947
2025-07-09,3M,0.004624473325325203,0.004624473325325203
2025-07-09,6M,0.006034954396240337,0.006034954396240337
2025-07-09,1Y,0.006533669609310221,0.006533669609310221
2025-07-09,2Y,0.007173651791188674,0.007173651791188674
2025-07-16,3M,0.00440667874771229,0.00440667874771229
2025-07-16,6M,0.0064569951768735125,0.0064569951768735125
2025-07-16,1Y,0.006529323522933768,0.006529323522933768
2025-07-16,2Y,0.0071990270576117055,0.0071990270576117055
2025-07-23,3M,0.004559262571124797,0.004559262571124797
2025-07-23,6M,0.0067613479046824704,0.0067613479046824704
2025-07-23,1Y,0.006758117057830424,0.006758117057830424
2025-07-23,2Y,0.007328603982651701,0.007328603982651701
2025-07-30,3M,0.005424611147963743,0.005424611147963743
2025-07-30,6M,0.007165249481620455,0.007165249481620455
2025-07-30,1Y,0.007145923022289526,0.007145923022289526
2025-07-30,2Y,0.007673640297962829,0.007673640297962829
2025-08-06,3M,0.004805070941806039,0.004805070941806039
2025-08-06,6M,0.00698038386143127,0.00698038386143127
2025-08-06,1Y,0.006936822922402342,0.006936822922402342
2025-08-06,2Y,0.007357663586499544,0.007357663586499544
2025-08-13,3M,0.004819569553460984,0.004819569553460984
2025-08-13,6M,0.007037429960683209,0.007037429960683209
2025-08-13,1Y,0.006922119133968179,0.006922119133968179
2025-08-13,2Y,0.0074407855947265025,0.0074407855947265025
2025-08-20,3M,0.0050432169197892306,0.0050432169197892306
2025-08-20,6M,0.007196740984531571,0.007196740984531571
2025-08-20,1Y,0.007025271786642857,0.007025271786642857
2025-08-20,2Y,0.007429608318710491,0.007429608318710491
2025-08-27,3M,0.005443999203075899,0.005443999203075899
2025-08-27,6M,0.007477692694648413,0.007477692694648413
2025-08-27,1Y,0.0072837173358577855,0.0072837173358577855
2025-08-27,2Y,0.007620572845330983,0.007620572845330983
2025-09-03,3M,0.00537910924875098,0.00537910924875098
2025-09-03,6M,0.007870393752399256,0.007870393752399256
2025-09-03,1Y,0.007468702115448771,0.007468702115448771
2025-09-03,2Y,0.007794025601156053,0.007794025601156053
2025-09-10,3M,0.004747963383082601,0.004747963383082601
2025-09-10,6M,0.00792752105014167,0.00792752105014167
2025-09-10,1Y,0.007757009257180406,0.007757009257180406
2025-09-10,2Y,0.008268308155021178,0.008268308155021178
2025-09-17,3M,0.006005861790535773,0.006005861790535773
2025-09-17,6M,0.008133465967584548,0.008133465967584548
2025-09-17,1Y,0.007745055955535202,0.007745055955535202
2025-09-17,2Y,0.008362378209581496,0.008362378209581496
2025-09-24,3M,0.006539541520522122,0.006539541520522122
2025-09-24,6M,0.008406026579528379,0.008406026579528379
2025-09-24,1Y,0.007654431095548869,0.007654431095548869
2025-09-24,2Y,0.008198242421503561,0.008198242421503561
2025-10-01,3M,0.006897452335669711,0.006897452335669711
2025-10-01,6M,0.007789661838491994,0.007789661838491994
2025-10-01,1Y,0.007377581158847877,0.007377581158847877
2025-10-01,2Y,0.007970220634199778,0.007970220634199778
2025-10-08,3M,0.007638341209348382,0.007638341209348382
2025-10-08,6M,0.007809470456173036,0.007809470456173036
2025-10-08,1Y,0.007423806033081338,0.007423806033081338
2025-10-08,2Y,0.007919880573678166,0.007919880573678166
2025-10-15,3M,0.007983442037263781,0.007983442037263781
2025-10-15,6M,0.00754635402873533,0.00754635402873533
2025-10-15,1Y,0.007289086572056959,0.007289086572056959
2025-10-15,2Y,0.007895689208111107,0.007895689208111107
2025-10-22,3M,0.008768786584912225,0.008768786584912225
2025-10-22,6M,0.007945253845644791,0.007945253845644791
2025-10-22,1Y,0.00749249385094246,0.00749249385094246
2025-10-22,2Y,0.008043862128815584,0.008043862128815584
2025-10-29,3M,0.009138086178693626,0.009138086178693626
2025-10-29,6M,0.008080496526209336,0.008080496526209336
2025-10-29,1Y,0.007536707845686634,0.007536707845686634
2025-10-29,2Y,0.008139685028998953,0.008139685028998953
2025-11-05,3M,0.009699315011645082,0.009699315011645082
2025-11-05,6M,0.008125637400243838,0.008125637400243838
2025-11-05,1Y,0.007581656641396484,0.007581656641396484
2025-11-05,2Y,0.008171399893495473,0.008171399893495473
2025-11-12,3M,0.009741619585621666,0.009741619585621666
2025-11-12,6M,0.008153349671987546,0.008153349671987546
2025-11-12,1Y,0.007537241985579746,0.007537241985579746
2025-11-12,2Y,0.008189002910117867,0.008189002910117867
2025-11-19,3M,0.00963227688044823,0.00963227688044823
2025-11-19,6M,0.007964652936205794,0.007964652936205794
2025-11-19,1Y,0.007407581847350311,0.007407581847350311
2025-11-19,2Y,0.007974860488576848,0.007974860488576848
2025-11-26,3M,0.008953797658638697,0.008953797658638697
2025-11-26,6M,0.007805648463853475,0.007805648463853475
2025-11-26,1Y,0.0071457778896442895,0.0071457778896442895
2025-11-26,2Y,0.007518980817361843,0.007518980817361843
2025-12-03,3M,0.00844490218542145,0.00844490218542145
2025-12-03,6M,0.007074816755261875,0.007074816755261875
2025-12-03,1Y,0.0066920530180324496,0.0066920530180324496
2025-12-03,2Y,0.007153399547502707,0.007153399547502707
2025-12-10,3M,0.008671380660140584,0.008671380660140584
2025-12-10,6M,0.0072798090939568075,0.0072798090939568075
2025-12-10,1Y,0.006939829822271723,0.006939829822271723
2025-12-10,2Y,0.007257356123945355,0.007257356123945355
2025-12-17,3M,0.006125035559622892,0.006125035559622892
2025-12-17,6M,0.005906114503203495,0.005906114503203495
2025-12-17,1Y,0.005833384024110211,0.005833384024110211
2025-12-17,2Y,0.006398342305339996,0.006398342305339996
2025-12-24,3M,0.005691673507076038,0.005691673507076038
2025-12-24,6M,0.005932349182178972,0.005932349182178972
2025-12-24,1Y,0.005998764865757126,0.005998764865757126
2025-12-24,2Y,0.006830416113577941,0.006830416113577941
2025-12-31,3M,0.0057503618275718356,0.0057503618275718356
2025-12-31,6M,0.005795384096171303,0.005795384096171303
2025-12-31,1Y,0.006046451834641785,0.006046451834641785
2025-12-31,2Y,0.006736799054455003,0.006736799054455003
2026-01-07,3M,0.004663985464644839,0.004663985464644839
2026-01-07,6M,0.005471889675386932,0.005471889675386932
2026-01-07,1Y,0.005914254999351106,0.005914254999351106
2026-01-07,2Y,0.006238559477906053,0.006238559477906053
2026-01-14,3M,0.005343307454077169,0.005343307454077169
2026-01-14,6M,0.005374365171729475,0.005374365171729475
2026-01-14,1Y,0.006115394478997722,0.006115394478997722
2026-01-14,2Y,0.006436835598950913,0.006436835598950913
2026-01-21,3M,0.006084839121200714,0.006084839121200714
2026-01-21,6M,0.005744805078001946,0.005744805078001946
2026-01-21,1Y,0.006341260872735558,0.006341260872735558
2026-01-21,2Y,0.006523284246292105,0.006523284246292105
2026-01-28,3M,0.005644158891108399,0.005644158891108399
2026-01-28,6M,0.005873689286059444,0.005873689286059444
2026-01-28,1Y,0.0064165525022117425,0.0064165525022117425
2026-01-28,2Y,0.006712989789875885,0.006712989789875885
2026-02-04,3M,0.005513420959717077,0.005513420959717077
2026-02-04,6M,0.0056905489071600954,0.0056905489071600954
2026-02-04,1Y,0.00653721049304767,0.00653721049304767
2026-02-04,2Y,0.006597748632865222,0.006597748632865222
2026-02-11,3M,0.004700190814590678,0.004700190814590678
2026-02-11,6M,0.005420812561139163,0.005420812561139163
2026-02-11,1Y,0.006347144403599367,0.006347144403599367
2026-02-11,2Y,0.006432405336987773,0.006432405336987773
2026-02-18,3M,0.004579578751680326,0.004579578751680326
2026-02-18,6M,0.005057876886405514,0.005057876886405514
2026-02-18,1Y,0.006266082538500468,0.006266082538500468
2026-02-18,2Y,0.006392164514810486,0.006392164514810486
2026-02-25,3M,0.004835752372221527,0.004835752372221527
2026-02-25,6M,0.005045032678793146,0.005045032678793146
2026-02-25,1Y,0.006262714410293272,0.006262714410293272
2026-02-25,2Y,0.006306941170855023,0.006306941170855023
2026-03-04,3M,0.004382599649439524,0.004382599649439524
2026-03-04,6M,0.004864688888421793,0.004864688888421793
2026-03-04,1Y,0.006042319171710292,0.006042319171710292
2026-03-04,2Y,0.006086535563473119,0.006086535563473119
2026-03-11,3M,0.003766189988256898,0.003766189988256898
2026-03-11,6M,0.004419214844872726,0.004419214844872726
2026-03-11,1Y,0.005415655908005037,0.005415655908005037
2026-03-11,2Y,0.0057286377850983205,0.0057286377850983205
2026-03-18,3M,0.005270655920871509,0.005270655920871509
2026-03-18,6M,0.00479298363552089,0.00479298363552089
2026-03-18,1Y,0.0056459833993576436,0.0056459833993576436
2026-03-18,2Y,0.005970553963297983,0.005970553963297983
2026-03-25,3M,0.005138245200151803,0.005138245200151803
2026-03-25,6M,0.005139764214939418,0.005139764214939418
2026-03-25,1Y,0.005980155023278101,0.005980155023278101
2026-03-25,2Y,0.006207662654788782,0.006207662654788782
2026-04-01,3M,0.0045866927626955776,0.0045866927626955776
2026-04-01,6M,0.005165199134589191,0.005165199134589191
2026-04-01,1Y,0.006159533301735126,0.006159533301735126
2026-04-01,2Y,0.0064387547381002715,0.0064387547381002715
2026-04-08,3M,0.005035546981380314,0.005035546981380314
2026-04-08,6M,0.005235537481783243,0.005235537481783243
2026-04-08,1Y,0.006372054064872693,0.006372054064872693
2026-04-08,2Y,0.006651099278347747,0.006651099278347747
2026-04-15,3M,0.004779265392941722,0.004779265392941722
2026-04-15,6M,0.005197344042201334,0.005197344042201334
2026-04-15,1Y,0.006500450587257647,0.006500450587257647
2026-04-15,2Y,0.006787835796699526,0.006787835796699526
2026-04-22,3M,0.005302499217212208,0.005302499217212208
2026-04-22,6M,0.0054452301139959755,0.0054452301139959755
2026-04-22,1Y,0.00650446880306994,0.00650446880306994
2026-04-22,2Y,0.006834048531851325,0.006834048531851325
